D0,D1,D2,D3,D4,D5,D6,D7,D8,D9,D10,D11,D12,D13,D14,D15,D16,D17,D18,D19,D20,D21,D22,D23,D24,D25,D26,D27,D28,D29,D30,D31,D32,D33,D34
0,253.491,297.102,-209.097,0,447.016,857.234,-741.359,1.572,794.543,227.596,581.46,0,10.098,50.488,-478.902,0,10.098,267.584,-951.902,3.027,2.893,3.236,25.3,55.2,-1,47.508,2.693,0,1,25.42,42.47,1,25.22,42.29
0,258.942,294.376,-210.955,0,436.113,831.34,-708.834,1.551,753.658,196.251,573.816,0,15.146,50.488,-473.854,100.547,3978.42,287.779,3016.42,3.033,2.89,3.236,25.2,55.2,-1,47.555,2.69,0,1,25.39,42.47,1,25.25,42.32
0,252.128,278.022,-261.438,0,486.538,805.446,-615.758,1.657,752.295,158.091,613.214,0,15.146,50.488,-473.854,36.596,2059.892,287.779,1097.892,3.036,2.89,3.236,25.2,55.3,-1,47.543,2.691,0,4,25.41,42.5,4,25.22,42.33
0,254.853,271.208,-276.916,0,436.113,785.003,-632.27,1.632,742.755,158.091,603.674,0,15.146,50.488,-473.854,11.016,1292.482,287.779,330.482,3.033,2.89,3.236,25.3,55.3,-1,47.555,2.69,0,13,25.41,42.46,4,25.2,42.33
0,246.676,267.119,-295.968,0,452.467,786.366,-618.596,1.577,697.781,134.922,583.612,0,15.146,50.488,-473.854,2.601,1040.044,287.779,78.044,3.03,2.887,3.236,25.3,55.3,-1,47.57,2.689,0,78,25.44,42.41,7,25.23,42.31
0,246.676,248.039,-346.985,0,440.201,782.278,-623.66,1.556,684.152,129.471,575.56,0,20.195,50.488,-468.805,0,918.874,287.779,-43.126,3.036,2.89,3.236,25.2,55.2,-1,47.551,2.69,0,142,25.41,42.42,7,25.25,42.23
0,238.499,250.765,-347.88,0,457.919,778.189,-599.16,1.638,704.595,119.931,606.165,0,20.195,50.488,-468.805,0,838.094,287.779,-123.906,3.033,2.887,3.236,25.3,55.1,-1,47.559,2.69,0,210,25.41,42.38,7,25.26,42.24
0,233.048,241.225,-378.753,0,457.919,768.649,-583.735,1.695,719.586,114.48,627.218,0,20.195,50.488,-468.805,0,802.752,287.779,-159.248,3.039,2.893,3.236,25.3,55.2,-1,47.527,2.692,0,293,25.44,42.34,7,25.25,42.21
0,238.499,237.136,-384.265,0,419.759,774.1,-630.672,1.613,690.966,115.842,596.977,0,20.195,45.439,-468.805,0,757.313,287.779,-204.687,3.036,2.893,3.239,25.3,55.1,-1,47.547,2.69,0,364,25.42,42.31,6,25.2,42.18
0,231.685,235.774,-394.786,0,455.193,768.649,-585.792,1.691,715.498,111.754,625.608,0,25.244,50.488,-463.756,0,732.07,287.779,-229.93,3.033,2.89,3.236,25.3,55.1,-1,47.562,2.689,0,407,25.39,42.29,6,25.25,42.18
0,233.048,223.508,-426.121,0,451.104,770.012,-592.542,1.609,695.055,121.294,595.256,0,25.244,50.488,-463.756,0,701.777,287.779,-260.223,3.036,2.89,3.236,25.3,55.2,-1,47.574,2.689,0,409,25.42,42.31,2,25.25,42.15
0,228.959,220.782,-437.49,0,457.919,770.012,-585.728,1.681,708.683,109.028,621.956,0,30.293,50.488,-458.707,0,691.68,287.779,-270.32,3.036,2.89,3.236,25.2,55.2,-1,47.57,2.689,0,412,25.42,42.24,2,25.26,42.16
0,238.499,226.234,-413.388,0,427.936,772.738,-620.234,1.616,696.418,119.931,598.071,0,30.293,50.488,-458.707,0,671.485,287.779,-290.515,3.042,2.896,3.239,25.3,55,-1,47.559,2.69,0,413,25.42,42.24,5,25.25,42.13
0,224.871,220.782,-441.527,0,427.936,789.092,-647.652,1.654,708.683,118.568,611.955,0,30.293,50.488,-458.707,0,666.436,287.779,-295.564,3.039,2.896,3.239,25.4,55,-1,47.559,2.69,0,417,25.44,42.27,5,25.25,42.13
0,235.774,220.782,-430.624,0,429.299,776.826,-625.929,1.622,686.878,109.028,600.323,0,35.341,50.488,-453.659,0,656.338,287.779,-305.662,3.036,2.896,3.239,25.3,54.9,-1,47.582,2.688,0,416,25.44,42.28,5,25.25,42.08
0,228.959,226.234,-422.953,0,421.121,780.915,-640.479,1.564,678.701,121.294,578.819,0,35.341,50.488,-453.659,0,651.29,287.779,-310.71,3.036,2.893,3.239,25.3,55.1,-1,47.594,2.687,0,414,25.41,42.24,4,25.26,42.16
0,220.782,211.242,-471.177,0,464.733,785.003,-603.65,1.672,712.772,115.842,618.698,0,35.341,50.488,-453.659,0,646.241,287.779,-315.759,3.036,2.896,3.239,25.3,55.1,-1,47.586,2.688,0,414,25.41,42.24,4,25.25,42.12
0,235.774,215.331,-445.183,0,460.644,782.278,-603.632,1.693,711.409,107.665,626.308,0,35.341,50.488,-453.659,0,636.143,287.779,-325.857,3.039,2.899,3.239,25.3,55,-1,47.562,2.689,0,415,25.44,42.2,1,25.26,42.13
0,231.685,182.622,-536.795,0,449.741,776.826,-604.804,1.694,718.223,113.117,626.883,0,35.341,50.488,-453.659,0,626.046,287.779,-335.954,3.039,2.902,3.239,25.3,54.8,-1,47.555,2.69,0,415,25.39,42.22,1,25.23,42.05
0,228.959,223.508,-430.133,0,432.024,786.366,-639.179,1.666,705.958,111.754,616.582,0,45.439,50.488,-443.561,0,631.095,287.779,-330.905,3.042,2.905,3.242,25.3,54.7,-1,47.547,2.69,0,415,25.45,42.18,3,25.26,42.01
0,231.685,216.694,-445.685,0,441.564,780.915,-620.174,1.583,682.789,118.568,585.895,0,45.439,50.488,-443.561,0,620.997,287.779,-341.003,3.036,2.902,3.239,25.2,54.9,-1,47.551,2.69,0,417,25.42,42.11,3,25.26,42.01
0,237.136,218.056,-436.594,0,452.467,778.189,-604.748,1.711,718.223,107.665,632.948,0,50.488,50.488,-438.512,0,615.948,287.779,-346.052,3.036,2.902,3.239,25.3,54.9,-1,47.555,2.69,0,421,25.42,42.11,3,25.26,41.99
0,222.145,224.871,-433.383,0,163.542,591.478,-583.865,1.628,699.143,118.568,602.249,0,50.488,50.488,-438.512,0,605.851,287.779,-356.149,3.036,2.902,3.242,25.3,54.9,-1,47.559,2.69,0,425,25.42,42.11,3,25.25,41.96
0,239.862,222.145,-422.972,0,441.564,783.64,-624.558,1.668,715.498,119.931,617.068,0,55.536,50.488,-433.464,0,580.607,287.779,-381.393,3.015,2.902,3.242,25.3,54.8,-1,47.582,2.688,0,423,25.41,42.04,2,25.26,41.99
0,252.128,211.242,-439.748,0,436.113,791.817,-643.999,1.653,711.409,121.294,611.774,0,55.536,50.488,-433.464,0,585.656,287.779,-376.344,3.036,2.902,3.242,25.3,55.4,-1,47.598,2.687,0,417,25.44,42.22,2,25.27,42.03
0,237.136,224.871,-418.342,0,440.201,787.729,-633.124,1.59,690.966,124.02,588.424,0,60.585,50.488,-428.415,0,590.705,287.779,-371.295,3.03,2.893,3.239,25.3,55.6,-1,47.613,2.686,0,409,25.44,42.25,6,25.29,42.1
0,257.579,222.145,-405.178,0,243.951,774.1,-806.752,1.644,699.143,113.117,608.229,0,60.585,50.488,-428.415,0,590.705,287.779,-371.295,3.03,2.893,3.239,25.3,55.4,-1,47.629,2.685,0,405,25.44,42.33,1,25.25,42.13
0,252.128,227.596,-396.071,0,451.104,787.729,-622.221,1.659,701.869,110.391,613.861,0,60.585,50.488,-428.415,0,585.656,287.779,-376.344,3.03,2.887,3.239,25.4,55.4,-1,47.641,2.684,0,401,25.44,42.38,1,25.29,42.19
0,254.853,223.508,-404.264,0,451.104,790.455,-626.746,1.61,689.604,115.842,595.782,0,65.634,50.488,-423.366,0,565.461,287.779,-396.539,3.027,2.884,3.239,25.3,55.7,-1,47.648,2.684,0,387,25.44,42.4,1,25.27,42.25
0,275.296,211.242,-416.551,0,463.37,794.543,-621.41,1.573,681.426,121.294,581.873,0,65.634,50.488,-423.366,0,565.461,287.779,-396.539,3.024,2.875,3.236,25.3,56.1,-1,47.656,2.683,0,364,25.45,42.52,1,25.29,42.33
0,261.668,213.968,-422.901,0,482.45,787.729,-591.016,1.602,693.692,122.657,592.685,0,70.683,50.488,-418.317,0,570.509,287.779,-391.491,3.024,2.869,3.236,25.5,56.4,-1,47.668,2.682,0,338,25.45,42.82,1,25.29,42.45
0,260.305,215.331,-420.597,0,485.176,791.817,-595.221,1.637,697.781,114.48,605.581,0,70.683,50.488,-418.317,0,570.509,287.779,-391.491,3.021,2.86,3.233,25.4,56.5,-1,47.676,2.682,0,293,25.46,42.97,1,25.3,42.58
0,271.208,211.242,-420.611,0,453.83,789.092,-622.04,1.587,688.241,122.657,587.315,0,70.683,50.488,-418.317,0,570.509,287.779,-391.491,3.021,2.854,3.233,25.3,56.4,-1,47.684,2.682,0,247,25.46,43.05,4,25.32,42.72
0,258.942,207.154,-443.735,0,483.813,798.632,-608.189,1.645,697.781,111.754,608.66,0,70.683,50.488,-418.317,0,570.509,287.779,-391.491,3.021,2.845,3.23,25.4,56.5,-1,47.691,2.681,0,214,25.48,43.12,4,25.29,42.82
0,260.305,227.596,-387.793,0,462.007,791.817,-618.675,1.648,700.506,113.117,609.93,0,80.78,50.488,-408.22,0,565.461,287.779,-396.539,3.018,2.836,3.23,25.3,56.2,-1,47.699,2.681,0,193,25.48,43.1,7,25.3,42.87
0,263.031,224.871,-392.397,0,475.636,795.906,-611.55,1.673,712.772,115.842,619.118,0,80.78,50.488,-408.22,0,570.509,287.779,-391.491,3.018,2.827,3.227,25.4,56.2,-1,47.707,2.68,0,176,25.46,43.18,7,25.27,42.92
0,267.119,224.871,-388.23,0,459.281,793.18,-623.808,1.628,708.683,128.108,602.177,0,80.78,50.488,-408.22,0,565.461,287.779,-396.539,3.018,2.821,3.227,25.3,56.2,-1,47.711,2.68,0,171,25.49,43.15,7,25.32,42.91
0,23.168,231.685,-614.014,0,456.556,790.455,-621.862,1.567,673.249,115.842,579.763,0,80.78,50.488,-408.22,0,550.314,287.779,-411.686,3.018,2.815,3.224,25.4,56.1,-1,47.719,2.679,0,171,25.48,43.17,7,25.29,42.92
0,250.765,208.516,-448.244,0,494.716,790.455,-583.845,1.608,685.515,113.117,595.024,0,85.829,50.488,-403.171,0,560.412,287.779,-401.588,3.018,2.809,3.224,25.4,56.1,-1,47.723,2.679,0,171,25.49,43.19,6,25.32,42.93
0,272.571,230.322,-368.226,0,459.281,799.995,-635.13,1.646,692.329,106.303,609.117,0,90.878,50.488,-398.122,0,550.314,287.779,-411.686,3.018,2.803,3.224,25.4,55.9,-1,47.73,2.679,0,171,25.49,43.17,2,25.32,42.98
0,269.845,215.331,-410.915,0,463.37,804.083,-638.13,1.583,674.612,111.754,585.747,0,90.878,50.488,-398.122,0,560.412,287.779,-401.588,3.015,2.797,3.224,25.4,56.1,-1,47.734,2.678,0,182,25.51,43.18,2,25.32,42.96
0,271.208,223.508,-387.699,0,457.919,793.18,-625.603,1.618,699.143,122.657,598.704,0,90.878,50.488,-398.122,0,555.363,287.779,-406.637,3.015,2.794,3.221,25.5,56.1,-1,47.734,2.678,0,196,25.52,43.22,5,25.33,42.99
0,264.393,226.234,-387.239,0,467.458,789.092,-609.265,1.698,714.135,109.028,628.269,0,90.878,50.488,-398.122,0,550.314,287.779,-411.686,3.012,2.788,3.221,25.5,56.2,-1,47.742,2.678,0,204,25.52,43.21,5,25.33,43.03
0,273.933,224.871,-381.363,0,457.919,791.817,-623.193,1.708,703.232,95.4,631.85,0,95.926,50.488,-393.074,0,560.412,287.779,-401.588,3.015,2.785,3.221,25.4,56.1,-1,47.746,2.678,0,206,25.51,43.24,5,25.33,43.02
0,260.305,226.234,-391.301,0,456.556,798.632,-636.176,1.642,700.506,115.842,607.437,0,100.975,50.488,-388.025,0,555.363,287.779,-406.637,3.015,2.782,3.221,25.6,56.2,-1,47.75,2.677,0,206,25.53,43.26,5,25.34,43.08
0,263.031,227.596,-384.885,0,493.353,793.18,-590.603,1.656,708.683,118.568,612.863,0,106.024,50.488,-382.976,0,550.314,287.779,-411.686,3.012,2.776,3.218,25.4,56,-1,47.754,2.677,0,206,25.55,43.25,4,25.34,43.08
0,265.756,224.871,-389.513,0,498.804,786.366,-573.388,1.682,714.135,114.48,622.44,0,106.024,50.488,-382.976,0,540.217,287.779,-421.783,3.015,2.773,3.218,25.5,56.2,-1,47.758,2.677,0,207,25.52,43.29,4,25.36,43.08
0,267.119,222.145,-395.425,0,475.636,802.72,-623.747,1.563,675.975,119.931,578.45,0,106.024,50.488,-382.976,0,545.266,287.779,-416.734,3.015,2.773,3.218,25.5,56.1,-1,47.762,2.677,0,205,25.52,43.32,1,25.34,43.12
0,263.031,218.056,-410.397,0,472.91,805.446,-631.153,1.668,708.683,114.48,617.072,0,111.073,50.488,-377.927,0,550.314,287.779,-411.686,3.015,2.773,3.218,25.6,56.1,-1,47.762,2.676,0,202,25.53,43.32,1,25.34,43.12
0,273.933,220.782,-392.164,0,485.176,802.72,-614.651,1.691,712.772,110.391,625.705,0,111.073,50.488,-377.927,0,550.314,287.779,-411.686,3.015,2.767,3.218,25.5,56.2,-1,47.766,2.676,0,200,25.55,43.3,3,25.37,43.12
0,276.659,220.782,-389.55,0,463.37,798.632,-629.069,1.6,689.604,119.931,591.997,0,111.073,50.488,-377.927,0,550.314,287.779,-411.686,3.015,2.767,3.218,25.5,56.1,-1,47.77,2.676,0,199,25.51,43.34,3,25.37,43.16
0,273.933,223.508,-384.863,0,498.804,810.897,-614.777,1.679,712.772,114.48,621.412,0,116.121,50.488,-372.879,0,550.314,287.779,-411.686,3.012,2.764,3.218,25.5,56.1,-1,47.77,2.676,0,197,25.56,43.33,3,25.37,43.17
0,267.119,218.056,-406.251,0,471.547,804.083,-630.546,1.648,708.683,121.294,609.945,0,116.121,50.488,-372.879,0,550.314,287.779,-411.686,3.012,2.761,3.218,25.6,56.3,-1,47.773,2.676,0,197,25.55,43.34,3,25.39,43.21
0,260.305,231.685,-376.675,0,475.636,806.809,-631.142,1.639,697.781,114.48,606.42,0,121.17,50.488,-367.83,0,550.314,287.779,-411.686,3.012,2.761,3.218,25.5,56.1,-1,47.777,2.676,0,197,25.56,43.42,2,25.37,43.2
0,265.756,224.871,-389.486,0,474.273,801.357,-622.991,1.57,681.426,122.657,581.068,0,121.17,50.488,-367.83,0,550.314,287.779,-411.686,3.012,2.758,3.218,25.4,56.2,-1,47.777,2.675,0,196,25.53,43.4,6,25.39,43.24
0,263.031,220.782,-403.038,0,498.804,810.897,-614.777,1.617,690.966,115.842,598.147,0,126.219,50.488,-362.781,0,550.314,287.779,-411.686,3.012,2.758,3.218,25.5,56.1,-1,47.781,2.675,0,197,25.56,43.37,6,25.39,43.21
0,276.659,226.234,-374.81,0,476.998,801.357,-621.005,1.687,718.223,117.205,624.109,0,126.219,50.488,-362.781,0,545.266,287.779,-416.734,3.012,2.758,3.215,25.5,56.3,-1,47.785,2.675,0,197,25.58,43.39,1,25.4,43.25
0,267.119,224.871,-388.041,0,472.91,805.446,-631.6,1.599,681.426,113.117,591.525,0,126.219,50.488,-362.781,0,545.266,287.779,-416.734,3.009,2.755,3.215,25.5,56.2,-1,47.789,2.675,0,197,25.56,43.38,1,25.41,43.21
0,269.845,231.685,-367.135,0,496.078,789.092,-581.22,1.66,710.046,118.568,614.308,0,126.219,50.488,-362.781,0,545.266,287.779,-416.734,3.012,2.755,3.215,25.4,56.3,-1,47.789,2.675,0,198,25.56,43.38,1,25.4,43.25
0,269.845,233.048,-363.421,0,504.256,806.809,-602.973,1.683,716.861,117.205,622.829,0,131.268,50.488,-357.732,0,545.266,287.779,-416.734,3.009,2.752,3.215,25.5,56.2,-1,47.789,2.675,0,198,25.59,43.42,1,25.41,43.29
0,276.659,231.685,-360.242,0,471.547,804.083,-631.144,1.609,695.055,122.657,595.179,0,131.268,50.488,-357.732,0,545.266,287.779,-416.734,3.012,2.755,3.215,25.6,56.2,-1,47.793,2.675,0,199,25.59,43.37,1,25.41,43.26
0,269.845,230.322,-370.637,0,494.716,804.083,-608.276,1.699,720.949,115.842,628.544,0,136.316,50.488,-352.684,0,545.266,287.779,-416.734,3.012,2.752,3.215,25.5,56.2,-1,47.793,2.675,0,200,25.61,43.45,1,25.39,43.29
0,269.845,228.959,-374.353,0,506.981,808.172,-602.366,1.644,714.135,128.108,608.337,0,136.316,50.488,-352.684,0,545.266,287.779,-416.734,3.012,2.755,3.215,25.5,56.2,-1,47.797,2.674,0,201,25.58,43.43,4,25.4,43.31
0,269.845,223.508,-388.808,0,501.53,802.72,-599.192,1.583,688.241,125.382,585.602,0,141.365,45.439,-347.635,0,545.266,287.779,-416.734,3.012,2.752,3.215,25.6,56.3,-1,47.797,2.674,0,201,25.61,43.45,4,25.41,43.32
0,283.473,220.782,-382.449,0,494.716,804.083,-608.276,1.576,684.152,124.02,582.975,0,141.365,50.488,-347.635,0,545.266,287.779,-416.734,3.012,2.75,3.215,25.5,56.2,-1,47.801,2.674,0,202,25.61,43.47,7,25.41,43.28
0,269.845,230.322,-370.637,0,501.53,809.535,-610.541,1.598,692.329,124.02,591.152,0,141.365,50.488,-347.635,0,540.217,287.779,-421.783,3.009,2.75,3.215,25.5,56.3,-1,47.801,2.674,0,203,25.61,43.45,7,25.43,43.32
0,267.119,228.959,-377.052,0,504.256,812.26,-612.05,1.691,719.586,117.205,625.554,0,141.365,50.488,-347.635,0,545.266,287.779,-416.734,3.009,2.747,3.215,25.5,56.3,-1,47.801,2.674,0,203,25.59,43.44,7,25.43,43.31
0,269.845,231.685,-367.002,0,513.795,809.535,-598.276,1.646,708.683,122.657,608.968,0,146.414,50.488,-342.586,0,545.266,287.779,-416.734,3.009,2.75,3.215,25.5,56.2,-1,47.805,2.674,0,204,25.61,43.46,6,25.41,43.29
0,280.748,224.871,-374.242,0,490.627,816.349,-632.948,1.625,695.055,117.205,601.27,0,151.463,50.488,-337.537,0,540.217,287.779,-421.783,3.009,2.75,3.215,25.6,56.4,-1,47.805,2.674,0,205,25.62,43.46,6,25.43,43.33
0,276.659,230.322,-363.822,0,460.644,854.509,-726.335,1.636,700.506,118.568,605.177,0,146.414,50.488,-342.586,0,545.266,287.779,-416.734,3.012,2.75,3.215,25.5,56.2,-1,47.809,2.674,0,205,25.61,43.48,2,25.43,43.37
0,282.111,242.588,-325.613,0,475.636,816.349,-648.095,1.591,686.878,121.294,588.786,0,151.463,50.488,-337.537,0,545.266,287.779,-416.734,3.009,2.75,3.215,25.7,56.5,-1,47.809,2.674,0,206,25.63,43.51,2,25.41,43.36
0,267.119,227.596,-380.517,0,502.893,819.075,-625.692,1.569,680.064,122.657,580.669,0,151.463,50.488,-337.537,0,545.266,287.779,-416.734,3.012,2.747,3.215,25.5,56.3,-1,47.812,2.673,0,206,25.65,43.51,5,25.41,43.37
0,269.845,234.411,-359.68,0,482.45,836.792,-675.344,1.652,701.869,114.48,611.092,0,156.511,50.488,-332.489,0,540.217,287.779,-421.783,3.009,2.747,3.215,25.6,56.1,-1,47.812,2.673,0,207,25.63,43.51,5,25.43,43.38
0,291.65,227.596,-356.071,0,483.813,814.986,-637.492,1.584,681.426,118.568,586.179,0,156.511,50.488,-332.489,0,545.266,287.779,-416.734,3.009,2.747,3.215,25.6,56.3,-1,47.812,2.673,0,207,25.62,43.49,5,25.41,43.34
0,279.385,233.048,-353.719,0,509.707,809.535,-602.975,1.664,719.586,126.745,615.8,0,161.56,50.488,-327.44,0,540.217,287.779,-421.783,3.009,2.747,3.215,25.6,56.2,-1,47.816,2.673,0,208,25.65,43.53,5,25.46,43.36
0,287.562,228.959,-356.498,0,479.724,819.075,-648.548,1.689,712.772,111.754,624.92,0,161.56,50.488,-327.44,0,540.217,287.779,-421.783,3.009,2.747,3.215,25.5,56.3,-1,47.82,2.673,0,208,25.63,43.53,4,25.46,43.4
0,279.385,227.596,-368.309,0,502.893,816.349,-620.838,1.679,720.949,122.657,621.394,0,161.56,50.488,-327.44,0,540.217,287.779,-421.783,3.009,2.744,3.215,25.5,56.3,-1,47.82,2.673,0,209,25.63,43.54,4,25.44,43.41
0,286.199,226.234,-365.128,0,496.078,817.712,-629.923,1.584,684.152,121.294,586.06,0,161.56,45.439,-327.44,0,540.217,287.779,-421.783,3.009,2.744,3.215,25.5,56.2,-1,47.82,2.673,0,209,25.63,43.52,1,25.46,43.37
0,275.296,222.145,-386.872,0,511.07,813.623,-608.428,1.61,696.418,124.02,595.559,0,166.609,50.488,-322.391,0,540.217,287.779,-421.783,3.009,2.747,3.215,25.5,56.2,-1,47.824,2.673,0,210,25.65,43.53,1,25.46,43.41
0,290.288,227.596,-357.349,0,502.893,817.712,-623.421,1.569,681.426,124.02,580.568,0,166.609,50.488,-322.391,0,540.217,287.779,-421.783,3.009,2.747,3.215,25.6,56.3,-1,47.828,2.672,0,210,25.65,43.55,3,25.47,43.41
0,276.659,223.508,-381.876,0,481.087,814.986,-640.682,1.604,685.515,115.842,593.439,0,171.658,50.488,-317.342,0,540.217,287.779,-421.783,3.009,2.744,3.215,25.6,56.3,-1,47.828,2.673,0,211,25.65,43.56,3,25.44,43.4
0,273.933,230.322,-366.409,0,519.247,809.535,-593.589,1.666,712.772,119.931,616.386,0,176.706,50.488,-312.294,0,540.217,287.779,-421.783,3.006,2.744,3.215,25.5,56.3,-1,47.828,2.672,0,211,25.66,43.58,3,25.46,43.41
0,279.385,227.596,-368.164,0,519.247,611.921,-264.284,1.621,703.232,126.745,599.68,0,171.658,50.488,-317.342,0,540.217,287.779,-421.783,3.009,2.744,3.215,25.6,56.3,-1,47.832,2.672,0,211,25.68,43.57,2,25.47,43.44
0,282.111,235.774,-343.728,0,490.627,819.075,-637.958,1.663,705.958,114.48,615.346,0,176.706,50.488,-312.294,0,540.217,287.779,-421.783,3.009,2.744,3.215,25.6,56.5,-1,47.832,2.672,0,211,25.65,43.56,2,25.48,43.41
0,284.836,239.862,-330.077,0,486.538,823.163,-649.02,1.584,685.515,122.657,586.2,0,176.706,50.488,-312.294,0,540.217,287.779,-421.783,3.006,2.741,3.215,25.6,56.5,-1,47.832,2.672,0,211,25.66,43.58,6,25.48,43.45
0,290.288,231.685,-346.422,0,516.521,814.986,-605.404,1.591,689.604,124.02,588.824,0,176.706,50.488,-312.294,0,540.217,287.779,-421.783,3.006,2.741,3.215,25.5,56.4,-1,47.836,2.672,0,211,25.66,43.59,6,25.47,43.45
0,283.473,227.596,-364.163,0,519.247,816.349,-604.794,1.62,703.232,126.745,599.445,0,181.755,50.488,-307.245,0,540.217,287.779,-421.783,3.009,2.744,3.215,25.6,56.5,-1,47.836,2.672,0,210,25.65,43.58,1,25.46,43.45
0,286.199,228.959,-357.804,0,486.538,820.437,-644.318,1.58,684.152,122.657,584.757,0,176.706,50.488,-312.294,0,535.168,287.779,-426.832,3.009,2.741,3.215,25.6,56.3,-1,47.84,2.672,0,209,25.65,43.58,1,25.48,43.46
0,280.748,233.048,-352.329,0,505.618,827.252,-636.757,1.684,720.949,121.294,623.099,0,181.755,50.488,-307.245,0,540.217,287.779,-421.783,3.006,2.738,3.215,25.6,56.4,-1,47.836,2.672,0,209,25.66,43.59,1,25.48,43.45
0,278.022,228.959,-365.895,0,531.513,824.526,-606.636,1.662,712.772,121.294,615.082,0,186.804,50.488,-302.196,0,535.168,287.779,-426.832,3.006,2.741,3.215,25.6,56.4,-1,47.836,2.672,0,208,25.68,43.62,1,25.48,43.44
0,280.748,223.508,-377.666,0,501.53,821.8,-632.231,1.578,678.701,118.568,584.022,0,186.804,50.488,-302.196,0,540.217,287.779,-421.783,3.009,2.741,3.215,25.6,56.4,-1,47.84,2.672,0,208,25.69,43.63,1,25.48,43.52
0,271.208,211.242,-419.924,0,516.521,824.526,-621.627,1.455,641.904,126.745,538.352,0,186.804,50.488,-302.196,0,540.217,287.779,-421.783,3.009,2.741,3.215,25.6,56.5,-1,47.84,2.672,0,207,25.68,43.61,1,25.47,43.45
0,279.385,226.234,-371.855,0,508.344,824.526,-629.487,1.576,685.515,125.382,583.271,0,191.853,50.488,-297.147,0,540.217,287.779,-421.783,3.006,2.738,3.215,25.6,56.3,-1,47.84,2.672,0,207,25.66,43.6,4,25.5,43.5
0,299.828,235.774,-325.902,0,524.698,827.252,-618.157,1.659,712.772,122.657,613.696,0,191.853,50.488,-297.147,0,535.168,287.779,-426.832,3.006,2.738,3.215,25.6,56.6,-1,47.84,2.672,0,207,25.69,43.62,4,25.51,43.48
0,283.473,245.313,-316.835,0,516.521,825.889,-624.06,1.701,720.949,115.842,629.203,0,191.853,50.488,-297.147,0,535.168,287.779,-426.832,3.006,2.741,3.215,25.6,56.5,-1,47.84,2.672,0,206,25.69,43.62,7,25.5,43.5
0,294.376,237.136,-327.749,0,504.256,829.977,-642.986,1.581,685.515,124.02,584.894,0,196.901,50.488,-292.099,0,535.168,287.779,-426.832,3.006,2.738,3.215,25.7,56.6,-1,47.84,2.672,0,206,25.68,43.64,7,25.48,43.46
0,293.013,233.048,-339.979,0,491.99,813.623,-628.129,1.605,685.515,115.842,593.768,0,201.95,50.488,-287.05,0,535.168,287.779,-426.832,3.006,2.738,3.215,25.6,56.5,-1,47.84,2.672,0,206,25.69,43.66,7,25.51,43.48
0,291.65,239.862,-323.184,0,500.167,829.977,-647.236,1.653,700.506,113.117,611.691,0,196.901,50.488,-292.099,0,535.168,287.779,-426.832,3.006,2.738,3.215,25.6,56.6,-1,47.844,2.671,0,205,25.69,43.61,6,25.51,43.49
0,295.739,238.499,-322.727,0,509.707,821.8,-624.054,1.574,682.789,124.02,582.247,0,196.901,50.488,-292.099,0,540.217,287.779,-421.783,3.006,2.738,3.215,25.6,56.5,-1,47.844,2.671,0,205,25.69,43.63,6,25.51,43.51
0,280.748,233.048,-352.188,0,519.247,813.623,-601.184,1.702,718.223,113.117,629.575,0,201.95,50.488,-287.05,0,535.168,287.779,-426.832,3.003,2.738,3.215,25.6,56.6,-1,47.844,2.671,0,205,25.71,43.66,2,25.51,43.53
0,293.013,228.959,-350.755,0,531.513,827.252,-611.987,1.596,693.692,126.745,590.53,0,206.999,50.488,-282.001,0,535.168,287.779,-426.832,3.006,2.738,3.215,25.6,56.5,-1,47.844,2.671,0,204,25.73,43.67,2,25.5,43.52
0,284.836,234.411,-344.44,0,516.521,828.614,-629.092,1.57,685.515,128.108,580.808,0,206.999,50.488,-282.001,0,535.168,287.779,-426.832,3.006,2.741,3.215,25.6,56.6,-1,47.848,2.671,0,204,25.72,43.66,5,25.48,43.52
0,287.562,233.048,-345.345,0,532.875,824.526,-605.913,1.653,705.958,118.568,611.522,0,206.999,50.488,-282.001,0,535.168,287.779,-426.832,3.006,2.738,3.215,25.6,56.5,-1,47.848,2.671,0,204,25.72,43.71,5,25.51,43.55
0,288.925,231.685,-347.642,0,523.335,821.8,-610.743,1.702,715.498,110.391,629.783,0,212.048,45.439,-276.952,0,535.168,287.779,-426.832,3.006,2.738,3.215,25.6,56.6,-1,47.848,2.671,0,203,25.71,43.7,5,25.5,43.55
0,288.925,237.136,-333.118,0,519.247,835.429,-637.578,1.571,680.064,122.657,581.147,0,212.048,45.439,-276.952,0,535.168,287.779,-426.832,3.003,2.738,3.215,25.6,56.6,-1,47.848,2.671,0,203,25.71,43.69,5,25.51,43.59
0,249.402,245.313,-350.831,0,501.53,821.8,-632.708,1.585,686.878,124.02,586.573,0,212.048,50.488,-276.952,0,535.168,287.779,-426.832,3.006,2.738,3.215,25.6,56.7,-1,47.848,2.671,0,203,25.72,43.68,4,25.5,43.55
0,282.111,246.676,-314.492,0,526.061,827.252,-617.277,1.698,716.861,113.117,628.294,0,217.097,50.488,-271.903,0,530.119,287.779,-431.881,3.006,2.735,3.215,25.6,56.5,-1,47.848,2.671,0,202,25.72,43.68,4,25.51,43.56
0,288.925,231.685,-347.613,0,541.053,824.526,-597.735,1.671,715.498,121.294,618.128,0,217.097,50.488,-271.903,0,535.168,287.779,-426.832,3.003,2.735,3.215,25.6,56.6,-1,47.852,2.671,0,202,25.72,43.7,1,25.53,43.56
0,297.102,234.411,-332.203,0,550.593,828.614,-594.859,1.581,685.515,124.02,585.131,0,217.097,50.488,-271.903,0,535.168,287.779,-426.832,3.006,2.738,3.215,25.6,56.6,-1,47.855,2.671,0,202,25.71,43.68,3,25.53,43.56
0,288.925,235.774,-336.636,0,535.601,827.252,-608.222,1.706,722.312,115.842,631.056,0,222.145,50.488,-266.855,0,535.168,287.779,-426.832,3.003,2.735,3.215,25.6,56.6,-1,47.855,2.671,0,201,25.75,43.76,3,25.51,43.56
0,302.553,237.136,-319.462,0,542.415,838.154,-619.123,1.676,710.046,114.48,620.013,0,222.145,50.488,-266.855,0,535.168,287.779,-426.832,3.006,2.738,3.215,25.6,56.8,-1,47.855,2.671,0,201,25.72,43.72,3,25.54,43.59
0,288.925,314.819,-126.147,0,527.424,838.154,-634.28,1.697,725.038,121.294,627.747,0,222.145,50.488,-266.855,0,535.168,287.779,-426.832,3.006,2.738,3.215,25.6,56.7,-1,47.855,2.671,0,201,25.73,43.76,3,25.51,43.58
0,294.376,243.951,-309.409,0,521.973,828.614,-624.127,1.705,723.675,117.205,630.95,0,222.145,50.488,-266.855,0,530.119,287.779,-431.881,3.003,2.735,3.215,25.7,56.6,-1,47.852,2.671,0,201,25.75,43.71,2,25.53,43.56
0,303.916,239.862,-310.757,0,505.618,836.792,-654.14,1.62,693.692,118.568,599.499,0,222.145,50.488,-266.855,0,530.119,287.779,-431.881,3.003,2.735,3.215,25.6,56.6,-1,47.855,2.67,0,200,25.75,43.76,2,25.53,43.6
0,298.465,245.313,-301.768,0,516.521,827.252,-626.817,1.712,726.401,117.205,633.432,0,227.194,50.488,-261.806,0,535.168,287.779,-426.832,3.006,2.735,3.215,25.6,56.5,-1,47.855,2.671,0,200,25.72,43.71,6,25.53,43.58
0,293.013,242.588,-314.48,0,509.707,836.792,-649.557,1.642,700.506,117.205,607.538,0,232.243,50.488,-256.757,0,535.168,287.779,-426.832,3.003,2.735,3.215,25.6,56.9,-1,47.855,2.671,0,200,25.72,43.72,6,25.54,43.58
0,290.288,242.588,-317.127,0,517.884,828.614,-628.216,1.69,719.586,118.568,625.393,0,232.243,50.488,-256.757,0,535.168,287.779,-426.832,3,2.732,3.215,25.6,56.6,-1,47.855,2.67,0,200,25.75,43.75,1,25.54,43.63
0,290.288,243.951,-313.576,0,542.415,827.252,-600.923,1.682,718.223,119.931,622.321,0,232.243,50.488,-256.757,0,535.168,287.779,-426.832,3,2.729,3.215,25.6,56.6,-1,47.859,2.67,0,200,25.72,43.75,1,25.56,43.62
0,301.19,246.676,-295.412,0,513.795,838.154,-647.743,1.676,710.046,114.48,620.013,0,232.243,50.488,-256.757,0,535.168,287.779,-426.832,2.997,2.723,3.212,25.6,56.6,-1,47.859,2.67,0,201,25.72,43.75,1,25.54,43.64
0,288.925,234.411,-340.265,0,536.964,828.614,-609.136,1.586,686.878,124.02,586.809,0,237.292,50.488,-251.708,0,535.168,287.779,-426.832,3,2.72,3.212,25.7,56.5,-1,47.863,2.67,0,201,25.75,43.77,1,25.56,43.65
0,306.642,245.313,-293.514,0,521.973,839.517,-642.339,1.698,720.949,117.205,628.225,0,237.292,50.488,-251.708,0,535.168,282.73,-426.832,2.994,2.714,3.212,25.6,56.6,-1,47.867,2.67,0,201,25.75,43.76,1,25.54,43.63
0,294.376,248.039,-298.521,0,535.601,838.154,-626.434,1.586,686.878,124.02,586.809,0,237.292,50.488,-251.708,0,535.168,287.779,-426.832,2.997,2.711,3.212,25.7,56.6,-1,47.867,2.67,0,201,25.75,43.73,1,25.57,43.64
0,302.553,234.411,-326.608,0,516.521,831.34,-634.295,1.587,681.426,118.568,587.314,0,242.34,50.488,-246.66,0,535.168,287.779,-426.832,2.991,2.705,3.212,25.6,56.6,-1,47.867,2.67,0,202,25.76,43.76,4,25.56,43.67
0,298.465,239.862,-316.263,0,539.69,840.88,-626.565,1.665,704.595,113.117,616.112,0,242.34,50.488,-246.66,0,535.168,287.779,-426.832,2.994,2.699,3.212,25.7,56.7,-1,47.871,2.67,0,203,25.73,43.79,7,25.56,43.63
0,302.553,242.588,-304.861,0,541.053,843.606,-630.089,1.669,708.683,115.842,617.428,0,242.34,50.488,-246.66,0,530.119,287.779,-431.881,2.991,2.693,3.212,25.7,56.7,-1,47.867,2.67,0,203,25.75,43.77,7,25.56,43.64
0,297.102,235.774,-328.43,0,539.69,832.703,-613.404,1.612,695.055,122.657,596.534,0,242.34,45.439,-246.66,0,530.119,287.779,-431.881,2.988,2.684,3.212,25.6,56.8,-1,47.871,2.67,0,204,25.76,43.78,7,25.57,43.68
0,312.093,238.499,-306.209,0,545.141,834.066,-610.065,1.649,708.683,122.657,610.084,0,242.34,50.488,-246.66,0,535.168,287.779,-426.832,2.985,2.675,3.212,25.6,56.8,-1,47.871,2.67,0,205,25.75,43.79,7,25.56,43.65
0,310.73,242.588,-296.575,0,513.795,842.243,-655.741,1.628,697.781,119.931,602.439,0,242.34,50.488,-246.66,0,535.168,287.779,-426.832,2.985,2.666,3.209,25.7,56.7,-1,47.871,2.67,0,207,25.79,43.78,6,25.56,43.67
0,298.465,250.765,-287.173,0,532.875,839.517,-631.436,1.706,719.586,113.117,631.268,0,247.389,50.488,-241.611,0,535.168,287.779,-426.832,2.982,2.66,3.209,25.7,56.7,-1,47.875,2.669,0,208,25.75,43.8,6,25.56,43.62
0,303.916,250.765,-281.697,0,523.335,846.332,-652.528,1.62,697.781,122.657,599.26,0,247.389,50.488,-241.611,0,530.119,287.779,-431.881,2.979,2.651,3.209,25.6,56.8,-1,47.871,2.67,0,211,25.76,43.81,2,25.54,43.69
0,301.19,254.853,-273.536,0,530.15,838.154,-632.052,1.706,720.949,114.48,631.245,0,252.438,50.488,-236.562,0,535.168,287.779,-426.832,2.979,2.645,3.209,25.6,56.7,-1,47.871,2.67,0,214,25.76,43.79,2,25.56,43.69
0,310.73,243.951,-293.028,0,549.23,847.694,-628.91,1.598,685.515,118.568,591.402,0,252.438,45.439,-236.562,0,530.119,287.779,-431.881,2.979,2.636,3.209,25.6,56.7,-1,47.875,2.669,0,218,25.76,43.81,5,25.59,43.72
0,309.368,253.491,-268.964,0,516.521,843.606,-654.956,1.652,697.781,111.754,611.098,0,252.438,50.488,-236.562,0,530.119,287.779,-431.881,2.979,2.633,3.209,25.7,56.7,-1,47.875,2.669,0,222,25.77,43.81,5,25.57,43.69
0,298.465,250.765,-287.149,0,528.787,836.792,-631.138,1.698,722.312,118.568,628.199,0,257.487,50.488,-231.513,0,530.119,287.779,-431.881,2.979,2.624,3.206,25.6,56.7,-1,47.875,2.669,0,226,25.76,43.79,5,25.56,43.67
0,313.456,235.774,-312.076,0,512.433,832.703,-640.661,1.637,710.046,128.108,605.648,0,257.487,50.488,-231.513,0,535.168,287.779,-426.832,2.979,2.621,3.206,25.6,56.9,-1,47.875,2.669,0,230,25.76,43.81,4,25.6,43.7
0,302.553,239.862,-312.008,0,549.23,840.88,-618.029,1.692,715.498,114.48,626.039,0,262.535,50.488,-226.465,0,535.168,287.779,-426.832,2.979,2.618,3.206,25.6,56.8,-1,47.875,2.669,0,234,25.79,43.83,4,25.56,43.68
0,302.553,241.225,-308.435,0,517.884,842.243,-651.316,1.66,714.135,124.02,614.224,0,262.535,50.488,-226.465,0,535.168,287.779,-426.832,2.979,2.612,3.206,25.6,56.6,-1,47.875,2.669,0,238,25.77,43.84,1,25.56,43.71
0,301.19,249.402,-288.027,0,536.964,836.792,-623.126,1.591,684.152,119.931,588.65,0,262.535,45.439,-226.465,0,530.119,287.779,-431.881,2.976,2.609,3.206,25.7,56.7,-1,47.875,2.669,0,242,25.77,43.81,1,25.59,43.73
0,309.368,243.951,-294.391,0,530.15,834.066,-625.221,1.69,719.586,118.568,625.474,0,267.584,50.488,-221.416,0,535.168,287.779,-426.832,2.979,2.609,3.206,25.6,56.8,-1,47.879,2.669,0,247,25.76,43.84,3,25.59,43.72
0,313.456,245.313,-286.567,0,523.335,839.517,-641.812,1.584,682.789,121.294,586.056,0,267.584,50.488,-221.416,0,535.168,287.779,-426.832,2.976,2.603,3.206,25.7,56.8,-1,47.879,2.669,0,251,25.8,43.87,3,25.6,43.72
0,297.102,258.942,-266.67,0,547.867,843.606,-623.948,1.699,719.586,115.842,628.656,0,267.584,45.439,-221.416,0,530.119,287.779,-431.881,2.976,2.6,3.206,25.7,56.7,-1,47.879,2.669,0,255,25.79,43.81,3,25.6,43.71
0,260.305,239.862,-354.313,0,547.867,836.792,-612.224,1.62,699.143,124.02,599.232,0,267.584,50.488,-221.416,0,530.119,287.779,-431.881,2.979,2.6,3.206,25.7,56.8,-1,47.879,2.669,0,260,25.77,43.86,3,25.59,43.73
0,306.642,250.765,-278.871,0,520.61,842.243,-649.095,1.651,705.958,119.931,610.695,0,272.633,50.488,-216.367,0,530.119,287.779,-431.881,2.979,2.6,3.206,25.7,56.9,-1,47.879,2.669,0,264,25.8,43.85,2,25.61,43.73
0,303.916,241.225,-307.017,0,550.593,835.429,-607.552,1.626,705.958,128.108,601.791,0,272.633,50.488,-216.367,0,525.071,287.779,-436.929,2.976,2.597,3.206,25.6,56.8,-1,47.879,2.669,0,269,25.79,43.86,2,25.61,43.75
0,293.013,245.313,-307.01,0,557.407,834.066,-598.625,1.669,712.772,119.931,617.51,0,272.633,50.488,-216.367,0,530.119,287.779,-431.881,2.979,2.597,3.206,25.7,56.7,-1,47.883,2.669,0,274,25.8,43.87,6,25.59,43.74
0,305.279,243.951,-298.399,0,547.867,838.154,-614.835,1.619,701.869,126.745,599.173,0,277.682,50.488,-211.318,0,535.168,287.779,-426.832,2.976,2.594,3.206,25.7,56.9,-1,47.879,2.669,0,278,25.79,43.87,6,25.6,43.77
0,314.819,245.313,-285.231,0,553.318,838.154,-609.383,1.649,711.409,125.382,610.184,0,272.633,50.488,-216.367,0,535.168,287.779,-426.832,2.976,2.594,3.206,25.7,56.8,-1,47.879,2.669,0,282,25.79,43.88,1,25.61,43.78
0,317.545,257.579,-249.855,0,545.141,842.243,-624.395,1.657,710.046,121.294,613.233,0,277.682,50.488,-211.318,0,535.168,287.779,-426.832,2.976,2.591,3.206,25.7,56.9,-1,47.879,2.669,0,287,25.79,43.86,1,25.6,43.77
0,306.642,243.951,-297.036,0,520.61,850.42,-662.597,1.651,700.506,114.48,611.047,0,277.682,50.488,-211.318,0,530.119,287.779,-431.881,2.976,2.591,3.203,25.6,57,-1,47.883,2.669,0,291,25.79,43.89,1,25.59,43.79
0,329.81,248.039,-262.958,0,517.884,846.332,-658.658,1.643,701.869,118.568,608.078,0,277.682,50.488,-211.318,0,530.119,287.779,-431.881,2.973,2.588,3.203,25.7,56.9,-1,47.883,2.669,0,295,25.8,43.88,1,25.6,43.78
0,310.73,256.216,-260.225,0,557.407,849.057,-624.036,1.652,703.232,117.205,611.074,0,282.73,50.488,-206.27,0,535.168,287.779,-426.832,2.973,2.585,3.203,25.7,56.8,-1,47.883,2.669,0,299,25.82,43.93,1,25.6,43.81
0,318.908,256.216,-252.12,0,534.238,844.969,-639.855,1.628,700.506,122.657,602.223,0,282.73,45.439,-206.27,0,530.119,287.779,-431.881,2.976,2.588,3.203,25.7,56.8,-1,47.887,2.669,0,304,25.79,43.93,4,25.6,43.78
0,312.093,256.216,-258.934,0,523.335,843.606,-648.479,1.601,693.692,125.382,592.467,0,287.779,50.488,-201.221,0,530.119,287.779,-431.881,2.976,2.585,3.203,25.6,56.9,-1,47.887,2.669,0,309,25.79,43.92,4,25.61,43.78
0,314.819,252.128,-267.092,0,534.238,842.243,-635.298,1.717,726.401,115.842,635.471,0,287.779,50.488,-201.221,0,530.119,287.779,-431.881,2.973,2.585,3.203,25.6,57,-1,47.887,2.669,0,313,25.79,43.88,7,25.59,43.75
0,312.093,254.853,-262.489,0,551.955,842.243,-618.088,1.781,748.206,114.48,658.992,0,287.779,50.488,-201.221,0,530.119,287.779,-431.881,2.973,2.582,3.203,25.7,56.9,-1,47.887,2.669,0,318,25.82,43.93,7,25.59,43.75
0,314.819,248.039,-277.949,0,530.15,835.429,-628.161,1.644,697.781,114.48,608.403,0,287.779,50.488,-201.221,0,530.119,287.779,-431.881,2.976,2.582,3.203,25.6,56.9,-1,47.883,2.669,0,323,25.8,43.93,7,25.63,43.81
0,316.182,249.402,-272.907,0,530.15,850.42,-653.572,1.655,704.595,117.205,612.436,0,292.828,50.488,-196.172,0,530.119,287.779,-431.881,2.973,2.582,3.203,25.6,56.9,-1,47.883,2.669,0,327,25.82,43.95,7,25.61,43.82
0,318.908,243.951,-284.688,0,523.335,842.243,-646.708,1.607,689.604,119.931,594.501,0,297.877,45.439,-191.123,0,530.119,287.779,-431.881,2.976,2.579,3.203,25.7,56.9,-1,47.887,2.669,0,332,25.82,43.91,6,25.61,43.81
0,308.005,248.039,-284.711,0,558.77,842.243,-611.274,1.707,723.675,117.205,631.516,0,297.877,50.488,-191.123,0,535.168,287.779,-426.832,2.976,2.579,3.203,25.6,57.1,-1,47.887,2.669,0,337,25.82,43.96,2,25.61,43.8
0,309.368,245.313,-290.601,0,557.407,843.606,-614.916,1.631,705.958,126.745,603.493,0,297.877,50.488,-191.123,0,530.119,287.779,-431.881,2.973,2.576,3.203,25.6,57,-1,47.887,2.669,0,341,25.82,43.95,2,25.61,43.83
0,316.182,246.676,-280.16,0,528.787,849.057,-652.655,1.669,715.498,122.657,617.45,0,297.877,45.439,-191.123,0,530.119,287.779,-431.881,2.973,2.573,3.203,25.7,57,-1,47.887,2.669,0,347,25.82,43.93,5,25.61,43.83
0,320.27,260.305,-239.805,0,528.787,851.783,-657.215,1.677,714.135,118.568,620.504,0,302.925,50.488,-186.075,0,530.119,287.779,-431.881,2.973,2.576,3.203,25.7,57,-1,47.887,2.669,0,351,25.82,43.97,5,25.63,43.83
0,318.908,258.942,-244.771,0,561.495,849.057,-620.119,1.658,712.772,124.02,613.33,0,307.974,50.488,-181.026,0,535.168,287.779,-426.832,2.973,2.576,3.203,25.6,57,-1,47.887,2.669,0,355,25.83,43.95,5,25.64,43.83
0,314.819,252.128,-267.017,0,546.504,859.96,-653.177,1.576,684.152,125.382,583.16,0,302.925,50.488,-186.075,0,530.119,287.779,-431.881,2.973,2.576,3.203,25.7,57.2,-1,47.887,2.669,0,360,25.82,43.93,5,25.63,43.83
0,308.005,246.676,-288.391,0,558.77,846.332,-617.772,1.649,711.409,125.382,610.262,0,307.974,50.488,-181.026,0,530.119,287.779,-431.881,2.973,2.576,3.203,25.7,57.1,-1,47.883,2.669,0,366,25.8,43.97,4,25.63,43.86
0,314.819,254.853,-259.763,0,524.698,851.783,-661.304,1.637,695.055,114.48,605.841,0,302.925,50.488,-186.075,0,530.119,287.779,-431.881,2.976,2.576,3.203,25.7,57.1,-1,47.883,2.669,0,370,25.82,43.99,4,25.64,43.86
0,314.819,246.676,-281.523,0,550.593,844.969,-624.01,1.609,699.143,128.108,595.207,0,307.974,45.439,-181.026,0,530.119,287.779,-431.881,2.973,2.573,3.203,25.7,57,-1,47.887,2.669,0,374,25.82,43.95,1,25.63,43.86
0,316.182,250.765,-269.28,0,561.495,844.969,-613.108,1.676,720.949,125.382,619.957,0,307.974,45.439,-181.026,0,535.168,287.779,-426.832,2.976,2.573,3.203,25.6,56.9,-1,47.883,2.669,0,380,25.82,43.96,1,25.63,43.86
0,321.633,263.031,-231.167,0,553.318,840.88,-614.615,1.642,710.046,126.745,607.659,0,313.023,50.488,-175.977,0,530.119,287.779,-431.881,2.973,2.573,3.203,25.7,57.1,-1,47.887,2.669,0,384,25.83,44.05,3,25.63,43.87
0,324.359,256.216,-246.597,0,530.15,844.969,-644.453,1.623,689.604,114.48,600.39,0,313.023,50.488,-175.977,0,530.119,287.779,-431.881,2.976,2.573,3.203,25.7,57,-1,47.883,2.669,0,388,25.82,44.01,3,25.61,43.86
0,314.819,261.668,-241.63,0,542.415,846.332,-634.467,1.722,727.763,115.842,637.077,0,313.023,45.439,-175.977,0,530.119,287.779,-431.881,2.973,2.573,3.203,25.6,57,-1,47.883,2.669,0,393,25.82,44.04,3,25.63,43.87
0,318.908,263.031,-233.915,0,562.858,847.694,-616.304,1.741,748.206,128.108,644.27,0,318.072,50.488,-170.928,0,530.119,287.779,-431.881,2.973,2.573,3.203,25.7,57.1,-1,47.883,2.669,0,398,25.82,44.02,2,25.63,43.89
0,314.819,250.765,-270.618,0,531.513,844.969,-643.261,1.647,705.958,121.294,609.462,0,318.072,50.488,-170.928,0,535.168,287.779,-426.832,2.976,2.573,3.203,25.7,56.9,-1,47.883,2.669,0,402,25.83,44.01,2,25.63,43.89
0,312.093,257.579,-255.212,0,562.858,846.332,-614.196,1.679,723.675,126.745,621.288,0,318.072,50.488,-170.928,0,530.119,287.779,-431.881,2.973,2.57,3.203,25.6,57,-1,47.883,2.669,0,407,25.83,44.02,6,25.66,43.86
0,318.908,261.668,-237.496,0,550.593,855.872,-642.598,1.722,730.489,118.568,637.018,0,328.169,45.439,-160.831,0,530.119,287.779,-431.881,2.973,2.57,3.203,25.6,57,-1,47.879,2.669,0,411,25.84,44.04,6,25.66,43.89
0,316.182,252.128,-265.654,0,562.858,843.606,-609.465,1.688,719.586,119.931,624.483,0,328.169,50.488,-160.831,0,535.168,287.779,-426.832,2.973,2.57,3.203,25.7,57.1,-1,47.883,2.669,0,416,25.82,44.05,1,25.63,43.88
0,320.27,252.128,-261.565,0,546.504,849.057,-634.938,1.591,688.241,124.02,588.721,0,328.169,50.488,-160.831,0,530.119,287.779,-431.881,2.973,2.567,3.203,25.7,57.1,-1,47.879,2.669,0,420,25.82,44.05,1,25.61,43.92
0,318.908,253.491,-259.301,0,557.407,846.332,-619.476,1.725,730.489,117.205,638.331,0,323.12,50.488,-165.88,0,530.119,287.779,-431.881,2.973,2.57,3.203,25.6,57.2,-1,47.879,2.669,0,425,25.82,44.02,1,25.64,43.91
0,324.359,260.305,-235.694,0,528.787,854.509,-661.948,1.633,697.781,118.568,604.23,0,328.169,45.439,-160.831,0,535.168,287.779,-426.832,2.973,2.567,3.203,25.7,57.1,-1,47.879,2.669,0,430,25.83,44.02,1,25.61,43.91
0,321.633,261.668,-234.77,0,562.858,851.783,-623.49,1.687,723.675,124.02,624.311,0,328.169,45.439,-160.831,0,535.168,287.779,-426.832,2.976,2.57,3.203,25.7,57.2,-1,47.879,2.669,0,434,25.84,44.02,1,25.64,43.92
0,313.456,257.579,-253.849,0,536.964,855.872,-656.052,1.696,718.223,115.842,627.618,0,328.169,50.488,-160.831,0,535.168,287.779,-426.832,2.973,2.567,3.203,25.7,57.1,-1,47.879,2.669,0,439,25.83,44.06,1,25.66,43.92
0,321.633,253.491,-256.526,0,560.133,849.057,-621.654,1.617,697.781,124.02,598.417,0,333.218,45.439,-155.782,0,535.168,287.779,-426.832,2.973,2.567,3.203,25.6,57.1,-1,47.875,2.669,0,443,25.84,44.09,4,25.63,43.94
0,322.996,260.305,-237.057,0,530.15,849.057,-651.464,1.655,704.595,117.205,612.517,0,333.218,50.488,-155.782,0,530.119,287.779,-431.881,2.976,2.567,3.203,25.6,57.2,-1,47.875,2.669,0,448,25.83,44.08,4,25.64,43.93
0,320.27,261.668,-236.156,0,546.504,838.154,-616.868,1.687,722.312,122.657,624.343,0,338.267,50.488,-150.733,0,530.119,287.779,-431.881,2.973,2.564,3.203,25.7,57.1,-1,47.875,2.669,0,453,25.83,44.04,7,25.66,43.95
0,317.545,257.579,-249.688,0,581.938,855.872,-611.602,1.648,707.321,122.657,609.587,0,338.267,50.488,-150.733,0,530.119,287.779,-431.881,2.973,2.564,3.203,25.6,57.1,-1,47.871,2.67,0,457,25.86,44.06,7,25.66,43.96
0,333.899,257.579,-233.382,0,560.133,853.146,-628.496,1.624,701.869,125.382,601.032,0,338.267,50.488,-150.733,0,530.119,287.779,-431.881,2.97,2.564,3.203,25.7,57,-1,47.871,2.67,0,461,25.84,44.11,7,25.64,43.97
0,335.262,258.942,-228.394,0,543.778,846.332,-633.447,1.707,726.401,119.931,631.457,0,338.267,50.488,-150.733,0,530.119,287.779,-431.881,2.97,2.561,3.203,25.6,57.1,-1,47.871,2.67,0,465,25.84,44.1,6,25.64,43.92
0,329.81,256.216,-241.145,0,543.778,858.597,-653.623,1.591,690.966,126.745,588.502,0,338.267,50.488,-150.733,0,525.071,287.779,-436.929,2.973,2.564,3.203,25.6,57.2,-1,47.871,2.67,0,469,25.82,44.1,6,25.66,43.95
0,329.81,256.216,-241.097,0,562.858,855.872,-630.332,1.591,689.604,125.382,588.767,0,343.315,45.439,-145.685,0,530.119,287.779,-431.881,2.973,2.564,3.203,25.6,57.2,-1,47.871,2.669,0,473,25.84,44.1,2,25.66,43.97
0,320.27,253.491,-257.889,0,568.31,847.694,-611.196,1.719,726.401,115.842,635.876,0,343.315,50.488,-145.685,0,530.119,287.779,-431.881,2.973,2.561,3.203,25.7,57.2,-1,47.871,2.67,0,477,25.84,44.1,2,25.64,43.97
0,318.908,265.756,-226.64,0,546.504,858.597,-651.072,1.737,733.215,115.842,642.61,0,348.364,45.439,-140.636,0,530.119,287.779,-431.881,2.973,2.564,3.203,25.6,57.3,-1,47.871,2.67,0,481,25.83,44.12,5,25.63,43.94
0,327.085,256.216,-243.823,0,572.398,849.057,-609.388,1.61,693.692,122.657,595.802,0,348.364,50.488,-140.636,0,535.168,287.779,-426.832,2.97,2.561,3.203,25.7,57.2,-1,47.867,2.67,0,485,25.84,44.1,5,25.64,43.96
0,320.27,264.393,-228.837,0,584.664,850.42,-599.75,1.718,731.852,121.294,635.593,0,348.364,50.488,-140.636,0,530.119,287.779,-431.881,2.97,2.558,3.203,25.7,57.4,-1,47.867,2.67,0,488,25.86,44.09,5,25.63,44
0,322.996,256.216,-247.911,0,562.858,862.686,-641.736,1.66,704.595,115.842,614.071,0,348.364,45.439,-140.636,0,530.119,287.779,-431.881,2.973,2.558,3.203,25.7,57.3,-1,47.867,2.67,0,493,25.84,44.13,5,25.64,43.99
0,322.996,245.313,-276.918,0,560.133,853.146,-628.496,1.698,729.126,125.382,628.289,0,348.364,50.488,-140.636,0,530.119,287.779,-431.881,2.973,2.558,3.203,25.6,57.2,-1,47.863,2.67,0,497,25.84,44.11,4,25.64,44.02
0,333.899,258.942,-229.709,0,541.053,857.234,-654.77,1.674,715.498,121.294,619.238,0,348.364,50.488,-140.636,0,530.119,287.779,-431.881,2.97,2.558,3.203,25.6,57.2,-1,47.867,2.67,0,500,25.86,44.14,1,25.66,44.01
0,325.722,265.756,-219.847,0,553.318,854.509,-637.243,1.684,716.861,118.568,623.23,0,353.413,50.488,-135.587,0,535.168,287.779,-426.832,2.97,2.555,3.2,25.7,57.3,-1,47.863,2.67,0,504,25.82,44.11,1,25.66,44.02
0,331.173,265.756,-214.309,0,541.053,854.509,-650.206,1.701,716.861,113.117,629.446,0,353.413,50.488,-135.587,0,535.168,287.779,-426.832,2.97,2.555,3.2,25.6,57.3,-1,47.863,2.67,0,507,25.86,44.14,3,25.63,43.97
0,328.448,263.031,-224.353,0,560.133,853.146,-628.323,1.632,703.232,124.02,603.79,0,358.462,50.488,-130.538,0,535.168,287.779,-426.832,2.967,2.552,3.2,25.6,57.2,-1,47.859,2.67,0,511,25.83,44.17,3,25.66,44.06
0,318.908,252.128,-262.826,0,571.035,849.057,-611.097,1.669,716.861,124.02,617.653,0,358.462,50.488,-130.538,0,530.119,287.779,-431.881,2.97,2.555,3.203,25.6,57.3,-1,47.859,2.67,0,514,25.86,44.11,3,25.63,44.02
0,332.536,265.756,-212.99,0,560.133,855.872,-633.058,1.642,711.409,128.108,607.626,0,358.462,45.439,-130.538,0,530.119,287.779,-431.881,2.97,2.552,3.2,25.7,57.4,-1,47.859,2.67,0,517,25.84,44.18,3,25.64,44.08
0,322.996,257.579,-244.285,0,576.487,846.332,-600.738,1.695,726.401,124.02,627.037,0,358.462,50.488,-130.538,0,535.168,287.779,-426.832,2.97,2.555,3.203,25.6,57.3,-1,47.863,2.67,0,520,25.84,44.16,2,25.63,44.04
0,327.085,257.579,-240.197,0,566.947,859.96,-633.086,1.674,711.409,117.205,619.412,0,363.51,50.488,-125.49,0,535.168,287.779,-426.832,2.973,2.552,3.2,25.6,57.3,-1,47.859,2.67,0,523,25.84,44.15,2,25.64,44.04
0,322.996,260.305,-236.963,0,535.601,859.96,-664.962,1.626,697.781,121.294,601.6,0,363.51,50.488,-125.49,0,535.168,287.779,-426.832,2.967,2.549,3.203,25.7,57.3,-1,47.859,2.67,0,527,25.87,44.18,6,25.64,44.01
0,333.899,256.216,-237.033,0,532.875,859.96,-666.981,1.621,697.781,122.657,599.812,0,363.51,50.488,-125.49,0,530.119,287.779,-431.881,2.967,2.549,3.2,25.7,57.2,-1,47.859,2.67,0,530,25.83,44.19,6,25.66,44.03
0,322.996,267.119,-218.861,0,573.761,850.42,-610.653,1.703,727.763,122.657,630.03,0,363.51,50.488,-125.49,0,530.119,287.779,-431.881,2.97,2.549,3.2,25.6,57.2,-1,47.855,2.671,0,533,25.86,44.15,1,25.66,44.07
0,331.173,269.845,-203.413,0,541.053,853.146,-648.099,1.664,705.958,115.842,615.676,0,363.51,50.488,-125.49,0,530.119,287.779,-431.881,2.97,2.549,3.2,25.6,57.4,-1,47.855,2.671,0,537,25.87,44.22,1,25.61,44.09
0,327.085,263.031,-225.715,0,573.761,846.332,-603.293,1.706,729.126,122.657,631.157,0,363.51,45.439,-125.49,0,535.168,287.779,-426.832,2.97,2.549,3.2,25.6,57.3,-1,47.855,2.671,0,540,25.83,44.24,1,25.64,44.07
0,343.439,261.668,-212.965,0,538.327,857.234,-657.144,1.617,699.143,125.382,598.307,0,368.559,50.488,-120.441,0,530.119,287.779,-431.881,2.967,2.547,3.2,25.6,57.3,-1,47.852,2.671,0,543,25.84,44.2,1,25.67,44.06
0,333.899,267.119,-207.959,0,568.31,855.872,-625.231,1.721,735.941,124.02,636.733,0,373.608,50.488,-115.392,0,530.119,287.779,-431.881,2.97,2.547,3.2,25.6,57.3,-1,47.852,2.671,0,547,25.86,44.22,1,25.66,44.03
0,329.81,272.571,-197.547,0,572.398,857.234,-623.424,1.713,734.578,125.382,633.896,0,373.608,50.488,-115.392,0,535.168,287.779,-426.832,2.97,2.547,3.2,25.6,57.4,-1,47.848,2.671,0,549,25.86,44.22,4,25.66,44.06
0,327.085,264.393,-222.067,0,573.761,864.049,-633.114,1.73,730.489,115.842,639.965,0,373.608,50.488,-115.392,0,535.168,287.779,-426.832,2.967,2.544,3.2,25.6,57.5,-1,47.848,2.671,0,552,25.84,44.21,4,25.66,44.12
0,329.81,257.579,-237.471,0,564.221,853.146,-624.408,1.713,734.578,125.382,633.741,0,373.608,50.488,-115.392,0,535.168,287.779,-426.832,2.97,2.544,3.2,25.6,57.3,-1,47.848,2.671,0,556,25.84,44.19,7,25.63,44.11
0,329.81,258.942,-233.845,0,572.398,851.783,-613.95,1.729,731.852,117.205,639.854,0,378.657,50.488,-110.343,0,535.168,287.779,-426.832,2.967,2.544,3.2,25.6,57.4,-1,47.848,2.671,0,559,25.84,44.21,7,25.64,44.12
0,318.908,260.305,-241.075,0,541.053,855.872,-652.488,1.704,720.949,115.842,630.587,0,373.608,45.439,-115.392,0,535.168,287.779,-426.832,2.967,2.541,3.2,25.6,57.4,-1,47.848,2.671,0,561,25.86,44.24,7,25.66,44.11
0,339.35,260.305,-220.725,0,560.133,809.535,-555.196,1.648,700.506,115.842,609.82,0,378.657,50.488,-110.343,0,535.168,287.779,-426.832,2.97,2.541,3.2,25.6,57.3,-1,47.848,2.671,0,565,25.82,44.25,7,25.63,44.1
0,339.35,263.031,-213.382,0,549.23,861.323,-653.438,1.614,697.781,125.382,597.099,0,378.657,50.488,-110.343,0,535.168,287.779,-426.832,2.97,2.541,3.2,25.6,57.4,-1,47.848,2.671,0,568,25.86,44.29,6,25.67,44.11
0,290.288,261.668,-266.116,0,556.044,853.146,-632.585,1.637,700.506,119.931,605.562,0,383.705,50.488,-105.295,0,530.119,287.779,-431.881,2.967,2.541,3.2,25.6,57.5,-1,47.848,2.671,0,570,25.84,44.25,6,25.68,44.1
0,335.262,261.668,-221.142,0,561.495,857.234,-633.976,1.713,735.941,126.745,633.63,0,383.705,50.488,-105.295,0,535.168,287.779,-426.832,2.967,2.538,3.2,25.6,57.6,-1,47.848,2.671,0,573,25.84,44.26,2,25.66,44.14
0,339.35,263.031,-213.427,0,538.327,862.686,-666.267,1.636,703.232,122.657,605.342,0,383.705,45.439,-105.295,0,530.119,287.779,-431.881,2.967,2.538,3.2,25.5,57.4,-1,47.848,2.671,0,576,25.84,44.29,5,25.66,44.14
0,91.311,265.756,-454.171,0,557.407,861.323,-645.26,1.713,737.303,128.108,633.673,0,383.705,50.488,-105.295,0,535.168,287.779,-426.832,2.967,2.535,3.2,25.7,57.3,-1,47.848,2.671,0,578,25.86,44.28,5,25.66,44.12
0,329.81,261.668,-226.593,0,491.99,853.146,-696.639,1.612,701.869,129.471,596.613,0,383.705,50.488,-105.295,0,530.119,287.779,-431.881,2.967,2.538,3.2,25.6,57.4,-1,47.848,2.671,0,580,25.84,44.25,5,25.67,44.13
0,322.996,260.305,-237.033,0,579.212,851.783,-607.136,1.679,726.401,129.471,621.144,0,383.705,45.439,-105.295,0,530.119,287.779,-431.881,2.967,2.538,3.2,25.6,57.4,-1,47.844,2.671,0,583,25.84,44.29,5,25.64,44.13
0,331.173,264.393,-217.979,0,569.672,838.154,-593.868,1.685,718.223,119.931,623.28,0,388.754,45.439,-100.246,0,535.168,287.779,-426.832,2.967,2.535,3.2,25.6,57.6,-1,47.844,2.671,0,585,25.84,44.3,4,25.67,44.19
0,340.713,265.756,-204.769,0,569.672,857.234,-626.15,1.684,720.949,122.657,623.216,0,388.754,45.439,-100.246,0,535.168,287.779,-426.832,2.967,2.535,3.2,25.5,57.5,-1,47.84,2.672,0,587,25.86,44.28,4,25.66,44.15
0,346.165,267.119,-195.693,0,538.327,862.686,-666.622,1.663,711.409,121.294,615.15,0,388.754,50.488,-100.246,0,535.168,287.779,-426.832,2.967,2.535,3.2,25.5,57.4,-1,47.84,2.672,0,589,25.86,44.28,1,25.67,44.15
0,335.262,273.933,-188.509,0,573.761,857.234,-621.71,1.695,726.401,124.02,627.037,0,393.803,50.488,-95.197,0,530.119,287.779,-431.881,2.964,2.532,3.2,25.6,57.4,-1,47.84,2.672,0,591,25.84,44.3,1,25.66,44.15
0,340.713,261.668,-215.691,0,575.124,851.783,-611.224,1.635,705.958,125.382,605.121,0,393.803,50.488,-95.197,0,535.168,287.779,-426.832,2.967,2.535,3.2,25.6,57.4,-1,47.84,2.672,0,593,25.84,44.3,3,25.68,44.19
0,346.165,263.031,-206.568,0,554.681,855.872,-638.859,1.633,701.869,122.657,604.136,0,393.803,50.488,-95.197,0,535.168,287.779,-426.832,2.964,2.532,3.2,25.6,57.6,-1,47.84,2.672,0,595,25.86,44.31,3,25.66,44.15
0,332.536,271.208,-198.426,0,550.593,849.057,-631.713,1.732,741.392,125.382,640.787,0,393.803,50.488,-95.197,0,535.168,287.779,-426.832,2.964,2.532,3.2,25.6,57.4,-1,47.84,2.672,0,598,25.87,44.3,3,25.64,44.15
0,331.173,272.571,-196.243,0,560.133,859.96,-639.724,1.743,741.392,121.294,644.896,0,398.852,45.439,-90.148,0,535.168,282.73,-426.832,2.964,2.529,3.2,25.5,57.5,-1,47.84,2.672,0,600,25.83,44.32,3,25.66,44.18
0,346.165,273.933,-177.606,0,579.212,862.686,-625.382,1.746,746.843,125.382,646.006,0,398.852,50.488,-90.148,0,535.168,287.779,-426.832,2.967,2.532,3.2,25.6,57.6,-1,47.84,2.672,0,602,25.84,44.3,2,25.67,44.19
0,336.625,260.305,-223.358,0,565.584,853.146,-623.393,1.625,701.869,125.382,601.187,0,398.852,50.488,-90.148,0,535.168,287.779,-426.832,2.967,2.532,3.2,25.6,57.6,-1,47.84,2.672,0,604,25.86,44.33,6,25.64,44.18
0,342.076,269.845,-192.531,0,538.327,849.057,-643.805,1.421,705.958,198.977,525.668,0,398.852,50.488,-90.148,0,535.168,287.779,-426.832,2.967,2.529,3.2,25.6,57.6,-1,47.836,2.672,0,606,25.86,44.38,6,25.67,44.2
0,337.987,265.756,-207.495,0,572.398,849.057,-609.734,1.662,715.498,125.382,614.816,0,403.9,45.439,-85.1,0,535.168,287.779,-426.832,2.967,2.529,3.2,25.6,57.5,-1,47.836,2.672,0,608,25.86,44.32,1,25.67,44.2
0,346.165,269.845,-188.443,0,554.681,847.694,-625.169,1.745,735.941,115.842,645.578,0,403.9,45.439,-85.1,0,535.168,287.779,-426.832,2.967,2.529,3.2,25.6,57.5,-1,47.836,2.672,0,610,25.86,44.33,1,25.66,44.2
0,452.467,272.571,-74.929,0,545.141,859.96,-654.891,1.711,725.038,117.205,633.04,0,398.852,50.488,-90.148,0,535.168,287.779,-426.832,2.967,2.529,3.2,25.6,57.6,-1,47.836,2.672,0,611,25.84,44.33,1,25.66,44.2
0,343.439,268.482,-194.835,0,543.778,851.783,-642.57,1.705,731.852,125.382,631.015,0,403.9,45.439,-85.1,0,535.168,287.779,-426.832,2.964,2.529,3.2,25.6,57.5,-1,47.832,2.672,0,613,25.84,44.33,1,25.67,44.22
0,342.076,264.393,-207.032,0,565.584,851.783,-621.112,1.764,741.392,114.48,652.504,0,403.9,50.488,-85.1,0,535.168,287.779,-426.832,2.967,2.526,3.2,25.5,57.6,-1,47.832,2.672,0,615,25.86,44.38,1,25.64,44.2
0,348.89,273.933,-174.842,0,543.778,859.96,-656.607,1.704,722.312,117.205,630.475,0,403.9,50.488,-85.1,0,535.168,287.779,-426.832,2.967,2.529,3.2,25.5,57.6,-1,47.832,2.672,0,616,25.86,44.34,1,25.67,44.24
0,336.625,272.571,-190.713,0,584.664,859.96,-615.899,1.745,735.941,115.842,645.659,0,408.949,50.488,-80.051,0,535.168,287.779,-426.832,2.964,2.526,3.2,25.6,57.5,-1,47.832,2.672,0,617,25.87,44.33,4,25.64,44.23
0,346.165,261.668,-210.239,0,573.761,855.872,-619.429,1.688,722.312,122.657,624.422,0,408.949,50.488,-80.051,0,535.168,287.779,-426.832,2.967,2.526,3.2,25.5,57.7,-1,47.832,2.672,0,619,25.84,44.34,4,25.67,44.27
0,337.987,261.668,-218.416,0,575.124,853.146,-613.505,1.676,720.949,125.382,620.112,0,408.949,45.439,-80.051,0,535.168,287.779,-426.832,2.964,2.523,3.2,25.6,57.6,-1,47.832,2.672,0,620,25.84,44.38,7,25.67,44.23
0,351.616,267.119,-190.284,0,539.69,859.96,-660.343,1.643,707.321,124.02,607.957,0,413.998,50.488,-75.002,0,535.168,287.779,-426.832,2.964,2.526,3.197,25.5,57.7,-1,47.832,2.672,0,621,25.84,44.38,7,25.64,44.21
0,348.89,267.119,-192.946,0,560.133,862.686,-644.994,1.628,704.595,126.745,602.516,0,413.998,50.488,-75.002,0,535.168,287.779,-426.832,2.967,2.523,3.197,25.6,57.5,-1,47.828,2.672,0,622,25.87,44.35,7,25.67,44.26
0,332.536,260.305,-227.517,0,581.938,853.146,-606.517,1.663,707.321,117.205,615.243,0,413.998,50.488,-75.002,0,535.168,287.779,-426.832,2.964,2.523,3.2,25.5,57.6,-1,47.828,2.672,0,624,25.83,44.4,6,25.66,44.22
0,339.35,260.305,-220.702,0,587.39,850.42,-596.505,1.668,720.949,128.108,617.089,0,413.998,50.488,-75.002,0,535.168,287.779,-426.832,2.964,2.523,3.197,25.5,57.6,-1,47.828,2.672,0,625,25.83,44.36,6,25.66,44.29
0,343.439,264.393,-205.735,0,561.495,854.509,-629.24,1.631,705.958,126.745,603.571,0,419.047,50.488,-69.953,0,535.168,287.779,-426.832,2.964,2.52,3.197,25.6,57.6,-1,47.828,2.672,0,626,25.83,44.4,2,25.64,44.26
0,348.89,275.296,-171.198,0,551.955,853.146,-637.196,1.748,741.392,119.931,646.686,0,413.998,50.488,-75.002,0,535.168,287.779,-426.832,2.964,2.523,3.197,25.6,57.7,-1,47.824,2.673,0,628,25.87,44.35,2,25.67,44.29
0,342.076,298.465,-116.404,0,556.044,857.234,-639.778,1.77,748.206,118.568,654.895,0,413.998,50.488,-75.002,0,535.168,287.779,-426.832,2.964,2.52,3.2,25.5,57.6,-1,47.824,2.673,0,629,25.86,44.42,5,25.66,44.33
0,348.89,271.208,-182.152,0,557.407,831.34,-594.564,1.762,745.48,118.568,651.93,0,419.047,45.439,-69.953,0,535.168,287.779,-426.832,2.964,2.523,3.197,25.6,57.6,-1,47.82,2.673,0,631,25.83,44.4,5,25.67,44.3
0,342.076,269.845,-192.572,0,575.124,861.323,-627.189,1.702,729.126,124.02,629.763,0,419.047,50.488,-69.953,0,535.168,287.779,-426.832,2.964,2.52,3.197,25.6,57.6,-1,47.82,2.673,0,632,25.84,44.42,5,25.66,44.29
0,351.616,267.119,-190.305,0,558.77,854.509,-631.966,1.596,701.869,134.922,590.646,0,419.047,50.488,-69.953,0,535.168,287.779,-426.832,2.964,2.52,3.197,25.6,57.6,-1,47.82,2.673,0,633,25.83,44.42,5,25.64,44.26
0,352.979,271.208,-178.064,0,542.415,859.96,-657.441,1.638,710.046,128.108,606.186,0,424.096,45.439,-64.904,0,535.168,287.779,-426.832,2.964,2.52,3.197,25.5,57.7,-1,47.824,2.673,0,635,25.83,44.41,4,25.63,44.27
0,340.713,278.022,-172.18,0,575.124,861.323,-627.189,1.732,738.666,122.657,640.776,0,424.096,45.439,-64.904,0,535.168,287.779,-426.832,2.964,2.517,3.197,25.5,57.6,-1,47.824,2.673,0,636,25.84,44.41,1,25.64,44.3
0,346.165,267.119,-195.736,0,583.301,861.323,-619.012,1.767,742.755,114.48,653.704,0,424.096,45.439,-64.904,0,535.168,287.779,-426.832,2.964,2.517,3.197,25.6,57.6,-1,47.82,2.673,0,638,25.84,44.45,1,25.67,44.34
0,340.713,238.499,-277.389,0,547.867,859.96,-651.814,1.722,727.763,115.842,637.077,0,424.096,45.439,-64.904,0,535.168,287.779,-426.832,2.961,2.517,3.197,25.5,57.6,-1,47.82,2.673,0,639,25.82,44.45,3,25.64,44.3
0,332.536,257.579,-234.745,0,550.593,864.049,-656.282,1.711,723.675,115.842,633.151,0,424.096,50.488,-64.904,0,535.168,287.779,-426.832,2.964,2.517,3.197,25.5,57.7,-1,47.82,2.673,0,641,25.84,44.42,3,25.66,44.31
0,344.802,248.039,-247.861,0,580.575,851.783,-605.773,1.783,757.746,122.657,659.856,0,424.096,45.439,-64.904,0,535.168,287.779,-426.832,2.964,2.514,3.197,25.6,57.6,-1,47.82,2.673,0,642,25.84,44.45,3,25.63,44.3
0,346.165,273.933,-177.625,0,571.035,854.509,-619.7,1.66,720.949,130.834,614.144,0,429.144,50.488,-59.856,0,535.168,287.779,-426.832,2.964,2.514,3.197,25.5,57.6,-1,47.812,2.673,0,644,25.83,44.49,3,25.64,44.31
0,346.165,280.748,-159.494,0,545.141,855.872,-647.875,1.695,725.038,122.657,627.069,0,429.144,50.488,-59.856,0,535.168,287.779,-426.832,2.964,2.517,3.197,25.6,57.7,-1,47.812,2.673,0,646,25.83,44.44,2,25.66,44.35
0,351.616,279.385,-157.686,0,546.504,859.96,-653.177,1.715,741.392,130.834,634.511,0,429.144,45.439,-59.856,0,535.168,287.779,-426.832,2.964,2.517,3.197,25.6,57.8,-1,47.812,2.673,0,647,25.82,44.45,2,25.64,44.3
0,348.89,284.836,-145.889,0,554.681,859.96,-645.175,1.726,729.126,115.842,638.521,0,434.193,50.488,-54.807,0,535.168,287.779,-426.832,2.964,2.514,3.197,25.6,57.7,-1,47.812,2.673,0,648,25.83,44.45,6,25.66,44.33
0,351.616,291.65,-125.032,0,556.044,850.42,-627.851,1.738,745.48,126.745,643.093,0,434.193,50.488,-54.807,0,535.168,287.779,-426.832,2.964,2.514,3.197,25.6,57.7,-1,47.809,2.674,0,650,25.83,44.45,6,25.66,44.33
0,355.705,268.482,-182.59,0,569.672,855.872,-623.343,1.664,718.223,126.745,615.836,0,434.193,50.488,-54.807,0,535.168,287.779,-426.832,2.961,2.514,3.197,25.5,57.7,-1,47.809,2.673,0,651,25.83,44.46,1,25.64,44.34
0,351.616,268.482,-186.658,0,546.504,862.686,-658.09,1.668,719.586,126.745,617.276,0,439.242,50.488,-49.758,0,535.168,287.779,-426.832,2.961,2.514,3.197,25.5,57.8,-1,47.809,2.673,0,652,25.84,44.41,1,25.61,44.33
0,351.616,275.296,-168.566,0,546.504,864.049,-660.016,1.699,722.312,118.568,628.681,0,439.242,50.488,-49.758,0,535.168,287.779,-426.832,2.961,2.511,3.197,25.6,57.7,-1,47.809,2.673,0,653,25.82,44.45,1,25.64,44.35
0,340.713,273.933,-183.058,0,576.487,851.783,-609.861,1.751,742.755,119.931,647.811,0,439.242,50.488,-49.758,0,535.168,287.779,-426.832,2.961,2.511,3.197,25.5,57.7,-1,47.805,2.674,0,655,25.84,44.46,1,25.66,44.37
0,358.43,269.845,-176.177,0,572.398,861.323,-630.269,1.643,711.409,128.108,607.779,0,434.193,50.488,-54.807,0,535.168,287.779,-426.832,2.961,2.508,3.197,25.5,57.7,-1,47.805,2.674,0,656,25.86,44.48,1,25.66,44.36
0,355.705,272.571,-171.692,0,558.77,844.969,-616.175,1.699,723.675,119.931,628.731,0,439.242,45.439,-49.758,0,535.168,287.779,-426.832,2.961,2.511,3.197,25.5,57.7,-1,47.805,2.674,0,657,25.84,44.51,4,25.64,44.41
0,352.979,269.845,-181.669,0,545.141,855.872,-648.049,1.686,711.409,113.117,623.831,0,444.291,45.439,-44.709,0,535.168,287.779,-426.832,2.961,2.511,3.197,25.6,57.7,-1,47.805,2.674,0,658,25.84,44.49,4,25.63,44.37
0,344.802,272.571,-182.595,0,588.752,853.146,-599.876,1.751,740.029,117.205,648.032,0,444.291,50.488,-44.709,0,535.168,287.779,-426.832,2.961,2.508,3.197,25.6,57.8,-1,47.801,2.674,0,659,25.84,44.45,7,25.64,44.39
0,342.076,276.659,-174.443,0,565.584,853.146,-623.045,1.774,748.206,117.205,656.209,0,439.242,50.488,-49.758,0,540.217,287.779,-421.783,2.961,2.508,3.197,25.5,57.8,-1,47.801,2.674,0,660,25.84,44.5,7,25.64,44.35
0,346.165,263.031,-206.636,0,571.035,857.234,-624.261,1.64,722.312,139.011,606.67,0,439.242,50.488,-49.758,0,535.168,287.779,-426.832,2.961,2.508,3.197,25.5,57.7,-1,47.801,2.674,0,661,25.83,44.49,7,25.63,44.36
0,350.253,280.748,-155.388,0,576.487,858.597,-621.265,1.75,745.48,122.657,647.59,0,444.291,45.439,-44.709,0,535.168,287.779,-426.832,2.961,2.508,3.197,25.5,57.7,-1,47.797,2.674,0,662,25.84,44.48,7,25.64,44.39
0,350.253,278.022,-162.676,0,572.398,864.049,-634.122,1.749,749.569,126.745,647.105,0,449.339,50.488,-39.661,0,540.217,287.779,-421.783,2.964,2.508,3.197,25.6,57.9,-1,47.801,2.674,0,663,25.82,44.5,6,25.64,44.39
0,358.43,276.659,-158.125,0,539.69,865.411,-669.11,1.668,716.861,124.02,617.341,0,444.291,50.488,-44.709,0,535.168,287.779,-426.832,2.961,2.508,3.197,25.5,57.7,-1,47.797,2.674,0,664,25.82,44.52,6,25.63,44.36
0,348.89,276.659,-167.665,0,543.778,865.411,-665.021,2.053,725.038,0,759.494,0,444.291,50.488,-44.709,0,535.168,287.779,-426.832,2.961,2.508,3.197,25.6,57.8,-1,47.797,2.674,0,665,25.82,44.55,2,25.61,44.41
0,350.253,279.385,-159.049,0,562.858,851.783,-623.144,1.747,740.029,118.568,646.398,0,444.291,45.439,-44.709,0,520.022,287.779,-441.978,2.961,2.505,3.197,25.5,57.7,-1,47.797,2.674,0,665,25.82,44.53,5,25.64,44.44
0,355.705,283.473,-142.718,0,561.495,861.323,-640.465,1.752,752.295,128.108,648.358,0,444.291,50.488,-44.709,0,535.168,287.779,-426.832,2.964,2.505,3.197,25.4,57.8,-1,47.797,2.674,0,667,25.82,44.51,5,25.64,44.41
0,348.89,280.748,-156.768,0,543.778,855.872,-649.237,1.7,719.586,115.842,628.981,0,449.339,50.488,-39.661,0,540.217,287.779,-421.783,2.961,2.502,3.197,25.5,57.8,-1,47.793,2.674,0,667,25.83,44.52,5,25.63,44.38
0,344.802,278.022,-168.109,0,572.398,850.42,-611.496,1.626,749.569,168.994,601.526,0,444.291,50.488,-44.709,0,535.168,287.779,-426.832,2.961,2.505,3.197,25.5,57.8,-1,47.797,2.674,0,668,25.83,44.55,5,25.66,44.41
0,357.067,273.933,-166.742,0,562.858,853.146,-625.423,1.638,710.046,128.108,606.11,0,449.339,50.488,-39.661,0,540.217,287.779,-421.783,2.961,2.505,3.197,25.5,57.8,-1,47.793,2.674,0,669,25.82,44.55,4,25.64,44.44
0,355.705,280.748,-149.954,0,553.318,813.623,-569.009,1.714,726.401,117.205,634.323,0,449.339,50.488,-39.661,0,535.168,287.779,-426.832,2.961,2.505,3.197,25.5,57.8,-1,47.793,2.674,0,670,25.83,44.51,4,25.63,44.43
0,352.979,272.571,-174.437,0,575.124,854.509,-615.612,1.69,727.763,126.745,625.376,0,454.388,45.439,-34.612,0,535.168,287.779,-426.832,2.961,2.502,3.197,25.5,57.8,-1,47.793,2.674,0,671,25.83,44.58,1,25.64,44.42
0,355.705,276.659,-160.833,0,557.407,854.509,-633.329,1.67,712.772,119.931,617.749,0,454.388,45.439,-34.612,0,535.168,287.779,-426.832,2.961,2.502,3.197,25.5,57.7,-1,47.793,2.674,0,671,25.83,44.59,1,25.66,44.42
0,361.156,275.296,-159.008,0,571.035,851.783,-615.14,1.675,722.312,126.745,619.925,0,454.388,45.439,-34.612,0,540.217,287.779,-421.783,2.958,2.502,3.197,25.5,57.7,-1,47.793,2.674,0,672,25.83,44.56,3,25.64,44.46
0,348.89,279.385,-160.394,0,581.938,854.509,-608.797,1.757,748.206,122.657,650.237,0,454.388,45.439,-34.612,0,540.217,287.779,-421.783,2.958,2.502,3.197,25.5,57.7,-1,47.793,2.674,0,672,25.83,44.56,3,25.64,44.46
0,352.979,280.748,-152.662,0,581.938,855.872,-611.252,1.769,749.569,119.931,654.625,0,459.437,50.488,-29.563,0,540.217,287.779,-421.783,2.961,2.502,3.197,25.5,57.9,-1,47.789,2.675,0,673,25.84,44.57,3,25.66,44.44
0,348.89,271.208,-182.092,0,573.761,868.137,-640.315,1.766,746.843,118.568,653.532,0,459.437,45.439,-29.563,0,535.168,287.779,-426.832,2.961,2.499,3.197,25.5,58,-1,47.789,2.675,0,673,25.86,44.54,3,25.6,44.4
0,343.439,268.482,-194.835,0,576.487,861.323,-625.826,1.778,748.206,115.842,657.682,0,459.437,45.439,-29.563,0,540.217,287.779,-421.783,2.958,2.496,3.197,25.5,57.9,-1,47.789,2.675,0,673,25.84,44.59,2,25.63,44.47
0,346.165,275.296,-173.999,0,580.575,855.872,-612.44,1.723,741.392,128.108,637.532,0,459.437,45.439,-29.563,0,540.217,287.779,-421.783,2.961,2.499,3.197,25.5,57.8,-1,47.785,2.675,0,674,25.83,44.52,6,25.63,44.46
0,350.253,272.571,-177.182,0,549.23,851.783,-636.772,1.65,711.409,125.382,610.417,0,464.486,50.488,-24.514,0,540.217,287.779,-421.783,2.961,2.499,3.197,25.5,57.8,-1,47.785,2.675,0,674,25.82,44.58,6,25.64,44.45
0,350.253,282.111,-151.796,0,568.31,857.234,-626.811,1.768,752.295,122.657,654.247,0,464.486,45.439,-24.514,0,535.168,287.779,-426.832,2.958,2.496,3.197,25.5,58,-1,47.785,2.675,0,674,25.82,44.62,1,25.64,44.5
0,362.519,283.473,-135.936,0,577.85,858.597,-619.202,1.741,748.206,128.108,644.116,0,459.437,50.488,-29.563,0,540.217,287.779,-421.783,2.958,2.496,3.194,25.5,57.9,-1,47.781,2.675,0,674,25.8,44.56,1,25.63,44.46
0,348.89,286.199,-142.247,0,553.318,859.96,-646.714,1.765,749.569,121.294,653.152,0,459.437,50.488,-29.563,0,535.168,287.779,-426.832,2.958,2.496,3.197,25.5,57.9,-1,47.785,2.675,0,674,25.84,44.6,1,25.61,44.48
0,354.342,282.111,-147.69,0,576.487,855.872,-616.529,1.793,749.569,111.754,663.382,0,459.437,45.439,-29.563,0,540.217,287.779,-421.783,2.958,2.496,3.197,25.6,57.9,-1,47.785,2.675,0,674,25.83,44.56,1,25.63,44.47
0,359.793,280.748,-145.865,0,564.221,850.42,-619.674,1.732,735.941,119.931,640.917,0,464.486,45.439,-24.514,0,540.217,287.779,-421.783,2.958,2.496,3.194,25.5,57.8,-1,47.781,2.675,0,675,25.83,44.55,1,25.63,44.49
0,362.519,280.748,-143.14,0,545.141,862.686,-659.276,1.719,725.038,114.48,635.905,0,469.534,50.488,-19.466,0,540.217,287.779,-421.783,2.958,2.496,3.194,25.5,57.9,-1,47.781,2.675,0,675,25.83,44.59,1,25.6,44.51
0,359.793,286.199,-131.376,0,568.31,850.42,-615.413,1.701,731.852,126.745,629.388,0,464.486,50.488,-24.514,0,540.217,287.779,-421.783,2.958,2.493,3.194,25.5,57.9,-1,47.781,2.675,0,675,25.82,44.6,4,25.63,44.49
0,355.705,273.933,-168.085,0,542.415,853.146,-646.04,1.688,718.223,118.568,624.673,0,464.486,50.488,-24.514,0,535.168,287.779,-426.832,2.958,2.493,3.194,25.5,57.8,-1,47.781,2.675,0,675,25.83,44.6,4,25.61,44.48
0,357.067,282.111,-144.948,0,575.124,862.686,-629.47,1.76,755.02,128.108,651.237,0,469.534,50.488,-19.466,0,540.217,287.779,-421.783,2.958,2.493,3.194,25.4,57.9,-1,47.781,2.675,0,675,25.84,44.64,7,25.63,44.49
0,363.882,276.659,-152.637,0,541.053,859.96,-658.98,1.688,719.586,119.931,624.642,0,474.583,50.488,-14.417,0,535.168,287.779,-426.832,2.958,2.493,3.194,25.5,57.9,-1,47.781,2.675,0,675,25.84,44.6,7,25.63,44.51
0,357.067,278.022,-155.897,0,573.761,851.783,-611.896,1.723,738.666,125.382,637.519,0,469.534,50.488,-19.466,0,540.217,287.779,-421.783,2.958,2.49,3.194,25.5,57.9,-1,47.777,2.675,0,675,25.8,44.65,7,25.6,44.53
0,366.607,276.659,-149.984,0,551.955,858.597,-645.096,1.671,720.949,126.745,618.33,0,469.534,50.488,-19.466,0,540.217,287.779,-421.783,2.958,2.493,3.197,25.5,58,-1,47.777,2.675,0,675,25.8,44.62,6,25.6,44.51
0,358.43,276.659,-158.162,0,575.124,854.509,-615.091,1.675,723.675,128.108,619.585,0,474.583,50.488,-14.417,0,540.217,287.779,-421.783,2.958,2.493,3.194,25.5,57.9,-1,47.777,2.675,0,676,25.8,44.64,6,25.61,44.49
0,359.793,286.199,-131.36,0,545.141,859.96,-654.715,1.729,730.489,115.842,639.884,0,474.583,50.488,-14.417,0,535.168,287.779,-426.832,2.955,2.49,3.194,25.5,57.9,-1,47.773,2.675,0,676,25.83,44.61,2,25.63,44.53
0,362.519,282.111,-139.563,0,549.23,858.597,-647.821,1.762,744.118,117.205,651.798,0,474.583,45.439,-14.417,0,540.217,287.779,-421.783,2.958,2.49,3.194,25.5,58,-1,47.777,2.675,0,676,25.8,44.62,2,25.61,44.49
0,352.979,284.836,-141.848,0,583.301,850.42,-600.077,1.763,756.383,128.108,652.293,0,474.583,45.439,-14.417,0,540.217,287.779,-421.783,2.955,2.49,3.194,25.4,58,-1,47.773,2.675,0,676,25.8,44.65,5,25.64,44.56
0,363.882,283.473,-134.573,0,554.681,857.234,-640.091,1.755,740.029,115.842,649.181,0,474.583,50.488,-14.417,0,540.217,287.779,-421.783,2.958,2.487,3.194,25.5,57.9,-1,47.773,2.675,0,676,25.8,44.64,5,25.61,44.52
0,355.705,282.111,-146.344,0,547.867,850.42,-635.855,1.695,720.949,118.568,627.318,0,479.632,45.439,-9.368,0,540.217,287.779,-421.783,2.955,2.487,3.194,25.5,57.9,-1,47.777,2.675,0,677,25.82,44.66,5,25.61,44.54
0,352.979,279.385,-156.323,0,546.504,850.42,-637.218,1.766,745.48,117.205,653.322,0,474.583,50.488,-14.417,0,540.217,287.779,-421.783,2.958,2.487,3.194,25.4,58,-1,47.773,2.675,0,677,25.82,44.65,5,25.6,44.53
0,359.793,284.836,-135.002,0,586.027,858.597,-611.374,1.749,750.932,128.108,646.995,0,479.632,45.439,-9.368,0,540.217,287.779,-421.783,2.955,2.487,3.194,25.5,57.8,-1,47.773,2.675,0,678,25.82,44.65,4,25.63,44.56
0,357.067,279.385,-152.269,0,588.752,869.5,-626.529,1.778,760.472,126.745,657.853,0,479.632,45.439,-9.368,0,540.217,287.779,-421.783,2.955,2.487,3.194,25.5,57.9,-1,47.773,2.675,0,679,25.8,44.7,4,25.61,44.54
0,367.97,278.022,-144.994,0,596.93,851.783,-588.727,1.741,748.206,128.108,644.116,0,474.583,45.439,-14.417,0,540.217,287.779,-421.783,2.958,2.484,3.194,25.5,57.8,-1,47.77,2.676,0,679,25.8,44.66,1,25.63,44.56
0,362.519,284.836,-132.277,0,581.938,858.597,-615.463,1.779,756.383,122.657,658.336,0,479.632,50.488,-9.368,0,540.217,287.779,-421.783,2.955,2.484,3.194,25.5,57.9,-1,47.77,2.676,0,680,25.82,44.67,3,25.63,44.54
0.093,365.245,388.413,146.076,0,576.487,849.057,-604.956,1.739,741.392,122.657,643.344,0,484.681,45.439,-4.319,0,540.217,287.779,-421.783,2.958,2.484,3.194,25.5,57.9,-1,47.77,2.676,0,681,25.82,44.64,3,25.61,44.53
0,357.067,275.296,-163.115,0,557.407,849.057,-624.036,1.68,719.586,122.657,621.539,0,479.632,50.488,-9.368,0,535.168,287.779,-426.832,2.958,2.484,3.194,25.5,58.1,-1,47.77,2.676,0,681,25.82,44.67,3,25.61,44.55
0,359.793,278.022,-153.171,0,541.053,851.783,-644.604,1.706,726.401,119.931,631.138,0,484.681,45.439,-4.319,0,540.217,287.779,-421.783,2.958,2.484,3.194,25.5,57.9,-1,47.77,2.676,0,682,25.8,44.67,3,25.61,44.57
0,367.97,282.111,-134.079,0,541.053,853.146,-647.229,1.687,723.675,124.02,624.155,0,479.632,45.439,-9.368,0,540.217,287.779,-421.783,2.958,2.484,3.194,25.5,58.1,-1,47.77,2.676,0,683,25.82,44.66,2,25.61,44.55
0,359.793,283.473,-138.661,0,575.124,872.226,-644.716,1.782,761.835,126.745,659.216,0,484.681,50.488,-4.319,0,540.217,287.779,-421.783,2.955,2.484,3.194,25.6,58.1,-1,47.766,2.676,0,683,25.8,44.7,2,25.59,44.55
0,366.607,286.199,-124.546,0,586.027,869.5,-629.792,1.764,755.02,126.745,652.633,0,484.681,45.439,-4.319,0,540.217,287.779,-421.783,2.955,2.484,3.194,25.5,57.9,-1,47.77,2.676,0,684,25.83,44.67,6,25.61,44.52
0,358.43,280.748,-147.279,0,580.575,853.146,-607.361,1.772,752.295,121.294,655.561,0,484.681,50.488,-4.319,0,540.217,287.779,-421.783,2.955,2.481,3.194,25.4,57.9,-1,47.766,2.676,0,684,25.8,44.72,6,25.61,44.57
0,370.696,278.022,-142.233,0,564.221,851.783,-621.781,1.672,720.949,126.745,618.485,0,484.681,50.488,-4.319,0,540.217,287.779,-421.783,2.955,2.481,3.194,25.5,57.9,-1,47.766,2.676,0,684,25.82,44.7,1,25.63,44.57
0,367.97,279.385,-141.367,0,542.415,859.96,-656.915,1.675,723.675,128.108,619.585,0.001,489.729,50.488,0.729,0,540.217,287.779,-421.783,2.955,2.481,3.194,25.5,58.1,-1,47.766,2.676,0,685,25.8,44.69,1,25.63,44.57
0,370.696,287.562,-116.876,0,579.212,857.234,-615.56,1.763,755.02,126.745,652.402,0,484.681,45.439,-4.319,0,540.217,287.779,-421.783,2.955,2.481,3.194,25.5,58.1,-1,47.766,2.676,0,685,25.8,44.69,1,25.6,44.57
0,365.245,278.022,-147.72,0,539.69,857.234,-655.083,1.69,723.675,122.657,625.47,0,484.681,45.439,-4.319,0,540.217,287.779,-421.783,2.955,2.481,3.194,25.4,58.1,-1,47.762,2.676,0,686,25.8,44.71,1,25.61,44.58
0,365.245,284.836,-129.583,0,562.858,861.323,-638.751,1.793,763.198,124.02,663.521,0.001,489.729,45.439,0.729,0,540.217,287.779,-421.783,2.955,2.478,3.194,25.4,58,-1,47.762,2.676,0,686,25.8,44.7,1,25.63,44.59
0,359.793,282.111,-142.256,0,561.495,859.96,-638.185,1.798,760.472,119.931,665.369,0.011,494.778,45.439,5.778,0,540.217,287.779,-421.783,2.958,2.478,3.194,25.4,58.1,-1,47.762,2.676,0,687,25.82,44.75,4,25.61,44.62
0,365.245,273.933,-158.602,0,572.398,850.42,-610.98,1.699,737.303,132.197,628.799,0.011,494.778,45.439,5.778,0,540.217,287.779,-421.783,2.958,2.478,3.194,25.5,58.1,-1,47.762,2.676,0,687,25.8,44.66,4,25.61,44.57
0,369.333,278.022,-143.631,0,575.124,861.323,-626.485,1.735,737.303,119.931,642.041,0.011,494.778,50.488,5.778,0,540.217,287.779,-421.783,2.953,2.478,3.194,25.5,58.1,-1,47.758,2.676,0,687,25.8,44.7,7,25.6,44.62
0,369.333,283.473,-129.137,0,568.31,847.694,-610.34,1.692,731.852,129.471,626.214,0.011,494.778,45.439,5.778,0,540.217,287.779,-421.783,2.955,2.475,3.194,25.5,57.9,-1,47.758,2.676,0,688,25.79,44.73,7,25.61,44.6
0,369.333,282.111,-132.749,0,538.327,857.234,-656.446,1.69,726.401,125.382,625.253,0.011,494.778,45.439,5.778,0,540.217,287.779,-421.783,2.953,2.475,3.194,25.5,58,-1,47.758,2.676,0,688,25.8,44.7,7,25.59,44.61
0,366.607,283.473,-131.847,0,541.053,853.146,-646.883,1.715,740.029,129.471,634.468,0.011,494.778,45.439,5.778,0,540.217,287.779,-421.783,2.955,2.475,3.191,25.5,58.1,-1,47.758,2.676,0,688,25.8,44.72,7,25.61,44.68
0,365.245,286.199,-125.955,0,476.998,855.872,-715.495,1.809,761.835,117.205,669.515,0.011,494.778,45.439,5.778,0,540.217,287.779,-421.783,2.955,2.475,3.191,25.5,58.2,-1,47.754,2.677,0,689,25.8,44.7,6,25.6,44.62
0,355.705,286.199,-135.495,0,588.752,858.597,-608.299,1.761,745.48,118.568,651.689,0.02,499.827,50.488,10.827,0,540.217,287.779,-421.783,2.955,2.475,3.191,25.4,58.1,-1,47.758,2.676,0,690,25.8,44.75,6,25.6,44.64
0,359.793,290.288,-120.524,0,561.495,853.146,-626.44,1.686,725.038,125.382,623.89,0.02,499.827,50.488,10.827,0,540.217,287.779,-421.783,2.955,2.472,3.191,25.5,58.2,-1,47.754,2.677,0,691,25.8,44.77,2,25.63,44.65
0,369.333,279.385,-140.004,0,586.027,849.057,-595.073,1.78,752.295,118.568,658.504,0.011,494.778,45.439,5.778,0,540.217,287.779,-421.783,2.953,2.472,3.191,25.5,58.1,-1,47.754,2.677,0,691,25.8,44.75,2,25.61,44.66
0,359.793,291.65,-116.91,0,547.867,855.872,-644.453,1.697,727.763,124.02,628.009,0.02,499.827,50.488,10.827,0,540.217,287.779,-421.783,2.955,2.472,3.191,25.4,57.9,-1,47.754,2.677,0,692,25.79,44.78,5,25.59,44.64
0,370.696,287.562,-116.891,0,580.575,862.686,-623.137,1.766,757.746,128.108,653.579,0.02,499.827,50.488,10.827,0,540.217,287.779,-421.783,2.955,2.472,3.191,25.4,58.2,-1,47.75,2.677,0,692,25.79,44.77,5,25.6,44.65
0,366.607,291.65,-110.096,0,553.318,847.694,-625.332,1.76,752.295,125.382,651.069,0.02,499.827,45.439,10.827,0,545.266,287.779,-416.734,2.955,2.472,3.191,25.4,58.1,-1,47.75,2.677,0,693,25.79,44.77,5,25.6,44.63
0,359.793,273.933,-164.109,0,566.947,849.057,-613.64,1.685,729.126,129.471,623.336,0.02,499.827,45.439,10.827,0,540.217,287.779,-421.783,2.955,2.469,3.191,25.4,58.2,-1,47.75,2.677,0,693,25.77,44.69,4,25.61,44.66
0,367.97,282.111,-134.128,0,569.672,847.694,-608.977,1.689,730.489,129.471,624.851,0.02,499.827,45.439,10.827,0,540.217,287.779,-421.783,2.953,2.469,3.191,25.4,58.1,-1,47.75,2.677,0,694,25.79,44.77,4,25.6,44.67
0,377.51,287.562,-110.062,0,547.867,851.783,-637.79,1.705,730.489,124.02,630.813,0.02,499.827,45.439,10.827,0,540.217,287.779,-421.783,2.953,2.469,3.191,25.4,58.2,-1,47.746,2.677,0,694,25.8,44.75,1,25.59,44.67
0,361.156,280.748,-144.553,0,581.938,847.694,-596.882,1.774,759.109,126.745,656.49,0.02,499.827,45.439,10.827,0,540.217,287.779,-421.783,2.953,2.466,3.191,25.4,58.1,-1,47.746,2.677,0,694,25.8,44.78,1,25.61,44.65
0,365.245,290.288,-115.087,0,576.487,838.154,-586.215,1.786,759.109,122.657,660.825,0.03,504.876,45.439,15.876,0,540.217,287.779,-421.783,2.953,2.466,3.191,25.4,58.1,-1,47.746,2.677,0,695,25.79,44.73,3,25.6,44.64
0,362.519,293.013,-110.557,0,575.124,858.597,-621.753,1.793,763.198,124.02,663.443,0.03,504.876,50.488,15.876,0,540.217,287.779,-421.783,2.953,2.466,3.191,25.4,58.1,-1,47.742,2.677,0,695,25.79,44.78,3,25.59,44.69
0,370.696,290.288,-109.621,0,581.938,866.774,-628.786,1.801,763.198,121.294,666.464,0.03,504.876,50.488,15.876,0,540.217,287.779,-421.783,2.953,2.466,3.191,25.4,58.2,-1,47.746,2.677,0,695,25.8,44.81,3,25.59,44.69
0,369.333,286.199,-121.912,0,576.487,850.42,-606.378,1.745,745.48,124.02,645.569,0.03,504.876,45.439,15.876,0,540.217,287.779,-421.783,2.953,2.466,3.191,25.4,58,-1,47.742,2.677,0,696,25.77,44.74,3,25.6,44.67
0,367.97,288.925,-115.989,0,579.212,857.234,-615.386,1.782,757.746,122.657,659.462,0.039,509.924,45.439,20.924,0,545.266,287.779,-416.734,2.953,2.463,3.191,25.3,58.2,-1,47.742,2.677,0,696,25.79,44.77,2,25.6,44.64
0,363.882,282.111,-138.249,0,545.141,850.42,-637.723,1.742,740.029,119.931,644.527,0.03,504.876,50.488,15.876,0,540.217,287.779,-421.783,2.953,2.463,3.191,25.5,58,-1,47.742,2.677,0,697,25.77,44.82,6,25.57,44.71
0,370.696,291.65,-106.008,0,554.681,853.146,-633.082,1.752,749.569,125.382,648.344,0.039,509.924,45.439,20.924,0,540.217,287.779,-421.783,2.953,2.463,3.191,25.4,58.1,-1,47.746,2.677,0,697,25.79,44.8,6,25.59,44.64
0,367.97,291.65,-108.733,0,541.053,855.872,-651.268,1.758,742.755,117.205,650.354,0.039,509.924,45.439,20.924,0,540.217,287.779,-421.783,2.953,2.46,3.191,25.5,58.1,-1,47.742,2.677,0,698,25.79,44.79,1,25.59,44.69
0,362.519,280.748,-143.191,0,573.761,859.96,-625.569,1.712,734.578,125.382,633.43,0.039,509.924,50.488,20.924,0,540.217,287.779,-421.783,2.953,2.463,3.191,25.4,58.2,-1,47.742,2.677,0,698,25.8,44.81,1,25.6,44.65
0,359.793,287.562,-127.794,0,554.681,855.872,-637.639,1.828,768.649,117.205,676.248,0.039,509.924,50.488,20.924,0,540.217,287.779,-421.783,2.953,2.463,3.191,25.4,58.2,-1,47.742,2.677,0,699,25.79,44.77,1,25.59,44.64
0,372.059,290.288,-108.273,0,541.053,859.96,-658.103,1.733,730.489,114.48,641.03,0.039,509.924,45.439,20.924,0,545.266,287.779,-416.734,2.953,2.463,3.191,25.5,58.3,-1,47.738,2.678,0,699,25.79,44.78,1,25.59,44.71
0,369.333,279.385,-140.021,0,572.398,802.72,-531.066,1.697,730.489,126.745,627.793,0.039,509.924,45.439,20.924,0,545.266,287.779,-416.734,2.953,2.46,3.191,25.4,58.1,-1,47.738,2.678,0,699,25.79,44.8,1,25.6,44.67
0,370.696,282.111,-131.386,0,611.921,853.146,-576.015,1.789,763.198,125.382,662.05,0.048,514.973,45.439,25.973,0,545.266,287.779,-416.734,2.953,2.46,3.191,25.4,58.1,-1,47.738,2.678,0,700,25.8,44.81,1,25.59,44.71
0,366.607,280.748,-139.152,0,558.77,847.694,-619.54,1.735,734.578,117.205,642.015,0.048,514.973,50.488,25.973,0,540.217,287.779,-421.783,2.955,2.463,3.191,25.4,58.1,-1,47.738,2.678,0,700,25.77,44.83,4,25.57,44.72
0,367.97,288.925,-115.989,0,564.221,846.332,-612.151,1.75,742.755,119.931,647.413,0.039,509.924,50.488,20.924,0,545.266,287.779,-416.734,2.953,2.46,3.191,25.4,58.2,-1,47.734,2.678,0,701,25.79,44.81,4,25.57,44.71
0,363.882,287.562,-123.735,0,556.044,847.694,-622.266,1.824,765.923,115.842,674.831,0.048,514.973,50.488,25.973,0,545.266,287.779,-416.734,2.953,2.46,3.191,25.4,58.3,-1,47.734,2.678,0,701,25.77,44.83,7,25.59,44.7
0,369.333,283.473,-129.185,0,549.23,854.509,-640.295,1.707,734.578,126.745,631.649,0.048,514.973,45.439,25.973,0,540.217,287.779,-421.783,2.953,2.46,3.191,25.4,58.2,-1,47.734,2.678,0,701,25.76,44.82,7,25.57,44.72
0,362.519,293.013,-110.557,0,581.938,853.146,-605.825,1.8,767.286,125.382,666.061,0.048,514.973,50.488,25.973,0,540.217,287.779,-421.783,2.95,2.457,3.191,25.4,58.1,-1,47.734,2.678,0,702,25.79,44.86,7,25.59,44.7
0,362.519,286.199,-128.741,0,557.407,853.146,-629.841,1.83,771.375,118.568,677.262,0.058,520.022,45.439,31.022,0,540.217,287.779,-421.783,2.95,2.457,3.191,25.5,58.2,-1,47.734,2.678,0,702,25.76,44.86,6,25.6,44.71
0,373.422,268.482,-164.995,0,571.035,853.146,-616.384,1.738,738.666,119.931,643.164,0.048,514.973,45.439,25.973,0,540.217,287.779,-421.783,2.95,2.451,3.188,25.4,58.1,-1,47.73,2.678,0,702,25.77,44.79,6,25.59,44.73
0,370.696,293.013,-102.406,0,561.495,859.96,-637.311,1.823,771.375,121.294,674.403,0.048,514.973,45.439,25.973,0,545.266,287.779,-416.734,2.95,2.451,3.191,25.4,58.1,-1,47.73,2.678,0,703,25.77,44.82,2,25.57,44.72
0,449.741,284.836,-45.148,0,579.212,847.694,-598.927,1.74,746.843,126.745,643.915,0.058,520.022,50.488,31.022,0,540.217,287.779,-421.783,2.95,2.451,3.188,25.4,58.2,-1,47.73,2.678,0,703,25.76,44.84,2,25.59,44.71
0,361.156,286.199,-130.104,0,586.027,872.226,-633.098,1.782,756.383,121.294,659.332,0.058,520.022,45.439,31.022,0,545.266,287.779,-416.734,2.953,2.451,3.188,25.4,58.1,-1,47.727,2.678,0,703,25.76,44.83,5,25.59,44.76
0,363.882,280.748,-141.845,0,579.212,849.057,-601.716,1.766,757.746,128.108,653.579,0.058,520.022,45.439,31.022,0,540.217,287.779,-421.783,2.95,2.448,3.188,25.4,58.2,-1,47.727,2.678,0,704,25.79,44.8,5,25.59,44.7
0,370.696,283.473,-127.822,0,573.761,850.42,-608.933,1.74,746.843,126.745,643.915,0.058,520.022,50.488,31.022,0,545.266,287.779,-416.734,2.95,2.448,3.188,25.4,58.2,-1,47.727,2.678,0,705,25.76,44.89,5,25.59,44.75
0,366.607,293.013,-106.495,0,554.681,854.509,-635.016,1.819,768.649,119.931,673.147,0.058,520.022,50.488,31.022,0,545.266,287.779,-416.734,2.953,2.448,3.188,25.4,58.3,-1,47.727,2.678,0,706,25.77,44.83,5,25.59,44.73
0,373.422,297.102,-88.795,0,573.761,854.509,-615.936,1.796,765.923,125.382,664.542,0.058,520.022,45.439,31.022,0,540.217,287.779,-421.783,2.95,2.445,3.188,25.5,58.3,-1,47.73,2.678,0,706,25.77,44.87,4,25.57,44.75
0,369.333,286.199,-121.912,0,560.133,853.146,-627.287,1.807,771.375,126.745,668.524,0.058,520.022,50.488,31.022,0,540.217,287.779,-421.783,2.95,2.445,3.188,25.5,58.3,-1,47.723,2.678,0,708,25.77,44.91,4,25.59,44.75
0,374.785,287.562,-112.847,0,560.133,855.872,-631.669,1.7,731.852,126.745,628.923,0.067,525.071,45.439,36.071,0,545.266,287.779,-416.734,2.947,2.442,3.188,25.5,58.2,-1,47.723,2.679,0,708,25.76,44.84,1,25.59,44.75
0,374.785,286.199,-116.475,0,536.964,858.597,-659.391,1.746,740.029,118.568,645.916,0.067,525.071,45.439,36.071,0,545.266,287.779,-416.734,2.947,2.442,3.188,25.4,58.4,-1,47.723,2.678,0,709,25.76,44.89,3,25.57,44.78
0,366.607,287.562,-121.024,0,553.318,854.509,-636.206,1.795,752.295,113.117,664.059,0.058,520.022,45.439,31.022,0,545.266,287.779,-416.734,2.95,2.442,3.188,25.3,58.1,-1,47.723,2.679,0,709,25.76,44.89,3,25.56,44.77
0,380.236,293.013,-92.866,0,545.141,846.332,-630.891,1.771,752.295,121.294,655.323,0.067,525.071,45.439,36.071,0,545.266,287.779,-416.734,2.95,2.442,3.188,25.4,58.2,-1,47.723,2.679,0,710,25.77,44.88,3,25.57,44.8
0,372.059,286.199,-119.186,0,549.23,857.234,-645.022,1.8,765.923,124.02,666.012,0.067,525.071,50.488,36.071,0,545.266,287.779,-416.734,2.953,2.445,3.188,25.4,58.2,-1,47.723,2.679,0,710,25.77,44.93,3,25.57,44.78
0,367.97,283.473,-130.563,0,576.487,858.597,-619.695,1.753,744.118,119.931,648.456,0.067,525.071,45.439,36.071,0,545.266,287.779,-416.734,2.953,2.445,3.188,25.3,58.3,-1,47.719,2.679,0,711,25.75,44.92,2,25.59,44.81
