H2S(WE),H2S(AE),SO2(WE),SO2(AE),CO(WE),CO(AE),VOC(WE),VOC(AE),NH3(WE),NH3(AE),MICS6814(CO),MICS6814(NH3),MICS6814(NO2),SEMEATECH(NH3),SEMEATECH(CH3SH),Class
253.491,297.102,447.016,857.234,794.543,227.596,10.098,50.488,10.098,267.584,3.027,2.893,3.236,1,1,Alho
258.942,294.376,436.113,831.34,753.658,196.251,15.146,50.488,3978.42,287.779,3.033,2.89,3.236,1,1,Alho
252.128,278.022,486.538,805.446,752.295,158.091,15.146,50.488,2059.892,287.779,3.036,2.89,3.236,4,4,Alho
254.853,271.208,436.113,785.003,742.755,158.091,15.146,50.488,1292.482,287.779,3.033,2.89,3.236,13,4,Alho
246.676,267.119,452.467,786.366,697.781,134.922,15.146,50.488,1040.044,287.779,3.03,2.887,3.236,78,7,Alho
246.676,248.039,440.201,782.278,684.152,129.471,20.195,50.488,918.874,287.779,3.036,2.89,3.236,142,7,Alho
238.499,250.765,457.919,778.189,704.595,119.931,20.195,50.488,838.094,287.779,3.033,2.887,3.236,210,7,Alho
233.048,241.225,457.919,768.649,719.586,114.48,20.195,50.488,802.752,287.779,3.039,2.893,3.236,293,7,Alho
238.499,237.136,419.759,774.1,690.966,115.842,20.195,45.439,757.313,287.779,3.036,2.893,3.239,364,6,Alho
231.685,235.774,455.193,768.649,715.498,111.754,25.244,50.488,732.07,287.779,3.033,2.89,3.236,407,6,Alho
233.048,223.508,451.104,770.012,695.055,121.294,25.244,50.488,701.777,287.779,3.036,2.89,3.236,409,2,Alho
228.959,220.782,457.919,770.012,708.683,109.028,30.293,50.488,691.68,287.779,3.036,2.89,3.236,412,2,Alho
238.499,226.234,427.936,772.738,696.418,119.931,30.293,50.488,671.485,287.779,3.042,2.896,3.239,413,5,Alho
224.871,220.782,427.936,789.092,708.683,118.568,30.293,50.488,666.436,287.779,3.039,2.896,3.239,417,5,Alho
235.774,220.782,429.299,776.826,686.878,109.028,35.341,50.488,656.338,287.779,3.036,2.896,3.239,416,5,Alho
228.959,226.234,421.121,780.915,678.701,121.294,35.341,50.488,651.29,287.779,3.036,2.893,3.239,414,4,Alho
220.782,211.242,464.733,785.003,712.772,115.842,35.341,50.488,646.241,287.779,3.036,2.896,3.239,414,4,Alho
235.774,215.331,460.644,782.278,711.409,107.665,35.341,50.488,636.143,287.779,3.039,2.899,3.239,415,1,Alho
231.685,182.622,449.741,776.826,718.223,113.117,35.341,50.488,626.046,287.779,3.039,2.902,3.239,415,1,Alho
228.959,223.508,432.024,786.366,705.958,111.754,45.439,50.488,631.095,287.779,3.042,2.905,3.242,415,3,Alho
231.685,216.694,441.564,780.915,682.789,118.568,45.439,50.488,620.997,287.779,3.036,2.902,3.239,417,3,Alho
237.136,218.056,452.467,778.189,718.223,107.665,50.488,50.488,615.948,287.779,3.036,2.902,3.239,421,3,Alho
222.145,224.871,163.542,591.478,699.143,118.568,50.488,50.488,605.851,287.779,3.036,2.902,3.242,425,3,Alho
239.862,222.145,441.564,783.64,715.498,119.931,55.536,50.488,580.607,287.779,3.015,2.902,3.242,423,2,Alho
252.128,211.242,436.113,791.817,711.409,121.294,55.536,50.488,585.656,287.779,3.036,2.902,3.242,417,2,Alho
237.136,224.871,440.201,787.729,690.966,124.02,60.585,50.488,590.705,287.779,3.03,2.893,3.239,409,6,Alho
257.579,222.145,243.951,774.1,699.143,113.117,60.585,50.488,590.705,287.779,3.03,2.893,3.239,405,1,Alho
252.128,227.596,451.104,787.729,701.869,110.391,60.585,50.488,585.656,287.779,3.03,2.887,3.239,401,1,Alho
254.853,223.508,451.104,790.455,689.604,115.842,65.634,50.488,565.461,287.779,3.027,2.884,3.239,387,1,Alho
275.296,211.242,463.37,794.543,681.426,121.294,65.634,50.488,565.461,287.779,3.024,2.875,3.236,364,1,Alho
261.668,213.968,482.45,787.729,693.692,122.657,70.683,50.488,570.509,287.779,3.024,2.869,3.236,338,1,Alho
260.305,215.331,485.176,791.817,697.781,114.48,70.683,50.488,570.509,287.779,3.021,2.86,3.233,293,1,Alho
271.208,211.242,453.83,789.092,688.241,122.657,70.683,50.488,570.509,287.779,3.021,2.854,3.233,247,4,Alho
258.942,207.154,483.813,798.632,697.781,111.754,70.683,50.488,570.509,287.779,3.021,2.845,3.23,214,4,Alho
260.305,227.596,462.007,791.817,700.506,113.117,80.78,50.488,565.461,287.779,3.018,2.836,3.23,193,7,Alho
263.031,224.871,475.636,795.906,712.772,115.842,80.78,50.488,570.509,287.779,3.018,2.827,3.227,176,7,Alho
267.119,224.871,459.281,793.18,708.683,128.108,80.78,50.488,565.461,287.779,3.018,2.821,3.227,171,7,Alho
23.168,231.685,456.556,790.455,673.249,115.842,80.78,50.488,550.314,287.779,3.018,2.815,3.224,171,7,Alho
250.765,208.516,494.716,790.455,685.515,113.117,85.829,50.488,560.412,287.779,3.018,2.809,3.224,171,6,Alho
272.571,230.322,459.281,799.995,692.329,106.303,90.878,50.488,550.314,287.779,3.018,2.803,3.224,171,2,Alho
269.845,215.331,463.37,804.083,674.612,111.754,90.878,50.488,560.412,287.779,3.015,2.797,3.224,182,2,Alho
271.208,223.508,457.919,793.18,699.143,122.657,90.878,50.488,555.363,287.779,3.015,2.794,3.221,196,5,Alho
264.393,226.234,467.458,789.092,714.135,109.028,90.878,50.488,550.314,287.779,3.012,2.788,3.221,204,5,Alho
273.933,224.871,457.919,791.817,703.232,95.4,95.926,50.488,560.412,287.779,3.015,2.785,3.221,206,5,Alho
260.305,226.234,456.556,798.632,700.506,115.842,100.975,50.488,555.363,287.779,3.015,2.782,3.221,206,5,Alho
263.031,227.596,493.353,793.18,708.683,118.568,106.024,50.488,550.314,287.779,3.012,2.776,3.218,206,4,Alho
265.756,224.871,498.804,786.366,714.135,114.48,106.024,50.488,540.217,287.779,3.015,2.773,3.218,207,4,Alho
267.119,222.145,475.636,802.72,675.975,119.931,106.024,50.488,545.266,287.779,3.015,2.773,3.218,205,1,Alho
263.031,218.056,472.91,805.446,708.683,114.48,111.073,50.488,550.314,287.779,3.015,2.773,3.218,202,1,Alho
273.933,220.782,485.176,802.72,712.772,110.391,111.073,50.488,550.314,287.779,3.015,2.767,3.218,200,3,Alho
276.659,220.782,463.37,798.632,689.604,119.931,111.073,50.488,550.314,287.779,3.015,2.767,3.218,199,3,Alho
273.933,223.508,498.804,810.897,712.772,114.48,116.121,50.488,550.314,287.779,3.012,2.764,3.218,197,3,Alho
267.119,218.056,471.547,804.083,708.683,121.294,116.121,50.488,550.314,287.779,3.012,2.761,3.218,197,3,Alho
260.305,231.685,475.636,806.809,697.781,114.48,121.17,50.488,550.314,287.779,3.012,2.761,3.218,197,2,Alho
265.756,224.871,474.273,801.357,681.426,122.657,121.17,50.488,550.314,287.779,3.012,2.758,3.218,196,6,Alho
263.031,220.782,498.804,810.897,690.966,115.842,126.219,50.488,550.314,287.779,3.012,2.758,3.218,197,6,Alho
276.659,226.234,476.998,801.357,718.223,117.205,126.219,50.488,545.266,287.779,3.012,2.758,3.215,197,1,Alho
267.119,224.871,472.91,805.446,681.426,113.117,126.219,50.488,545.266,287.779,3.009,2.755,3.215,197,1,Alho
269.845,231.685,496.078,789.092,710.046,118.568,126.219,50.488,545.266,287.779,3.012,2.755,3.215,198,1,Alho
269.845,233.048,504.256,806.809,716.861,117.205,131.268,50.488,545.266,287.779,3.009,2.752,3.215,198,1,Alho
276.659,231.685,471.547,804.083,695.055,122.657,131.268,50.488,545.266,287.779,3.012,2.755,3.215,199,1,Alho
269.845,230.322,494.716,804.083,720.949,115.842,136.316,50.488,545.266,287.779,3.012,2.752,3.215,200,1,Alho
269.845,228.959,506.981,808.172,714.135,128.108,136.316,50.488,545.266,287.779,3.012,2.755,3.215,201,4,Alho
269.845,223.508,501.53,802.72,688.241,125.382,141.365,45.439,545.266,287.779,3.012,2.752,3.215,201,4,Alho
283.473,220.782,494.716,804.083,684.152,124.02,141.365,50.488,545.266,287.779,3.012,2.75,3.215,202,7,Alho
269.845,230.322,501.53,809.535,692.329,124.02,141.365,50.488,540.217,287.779,3.009,2.75,3.215,203,7,Alho
267.119,228.959,504.256,812.26,719.586,117.205,141.365,50.488,545.266,287.779,3.009,2.747,3.215,203,7,Alho
269.845,231.685,513.795,809.535,708.683,122.657,146.414,50.488,545.266,287.779,3.009,2.75,3.215,204,6,Alho
280.748,224.871,490.627,816.349,695.055,117.205,151.463,50.488,540.217,287.779,3.009,2.75,3.215,205,6,Alho
276.659,230.322,460.644,854.509,700.506,118.568,146.414,50.488,545.266,287.779,3.012,2.75,3.215,205,2,Alho
282.111,242.588,475.636,816.349,686.878,121.294,151.463,50.488,545.266,287.779,3.009,2.75,3.215,206,2,Alho
267.119,227.596,502.893,819.075,680.064,122.657,151.463,50.488,545.266,287.779,3.012,2.747,3.215,206,5,Alho
269.845,234.411,482.45,836.792,701.869,114.48,156.511,50.488,540.217,287.779,3.009,2.747,3.215,207,5,Alho
291.65,227.596,483.813,814.986,681.426,118.568,156.511,50.488,545.266,287.779,3.009,2.747,3.215,207,5,Alho
279.385,233.048,509.707,809.535,719.586,126.745,161.56,50.488,540.217,287.779,3.009,2.747,3.215,208,5,Alho
287.562,228.959,479.724,819.075,712.772,111.754,161.56,50.488,540.217,287.779,3.009,2.747,3.215,208,4,Alho
279.385,227.596,502.893,816.349,720.949,122.657,161.56,50.488,540.217,287.779,3.009,2.744,3.215,209,4,Alho
286.199,226.234,496.078,817.712,684.152,121.294,161.56,45.439,540.217,287.779,3.009,2.744,3.215,209,1,Alho
275.296,222.145,511.07,813.623,696.418,124.02,166.609,50.488,540.217,287.779,3.009,2.747,3.215,210,1,Alho
290.288,227.596,502.893,817.712,681.426,124.02,166.609,50.488,540.217,287.779,3.009,2.747,3.215,210,3,Alho
276.659,223.508,481.087,814.986,685.515,115.842,171.658,50.488,540.217,287.779,3.009,2.744,3.215,211,3,Alho
273.933,230.322,519.247,809.535,712.772,119.931,176.706,50.488,540.217,287.779,3.006,2.744,3.215,211,3,Alho
279.385,227.596,519.247,611.921,703.232,126.745,171.658,50.488,540.217,287.779,3.009,2.744,3.215,211,2,Alho
282.111,235.774,490.627,819.075,705.958,114.48,176.706,50.488,540.217,287.779,3.009,2.744,3.215,211,2,Alho
284.836,239.862,486.538,823.163,685.515,122.657,176.706,50.488,540.217,287.779,3.006,2.741,3.215,211,6,Alho
290.288,231.685,516.521,814.986,689.604,124.02,176.706,50.488,540.217,287.779,3.006,2.741,3.215,211,6,Alho
283.473,227.596,519.247,816.349,703.232,126.745,181.755,50.488,540.217,287.779,3.009,2.744,3.215,210,1,Alho
286.199,228.959,486.538,820.437,684.152,122.657,176.706,50.488,535.168,287.779,3.009,2.741,3.215,209,1,Alho
280.748,233.048,505.618,827.252,720.949,121.294,181.755,50.488,540.217,287.779,3.006,2.738,3.215,209,1,Alho
278.022,228.959,531.513,824.526,712.772,121.294,186.804,50.488,535.168,287.779,3.006,2.741,3.215,208,1,Alho
280.748,223.508,501.53,821.8,678.701,118.568,186.804,50.488,540.217,287.779,3.009,2.741,3.215,208,1,Alho
271.208,211.242,516.521,824.526,641.904,126.745,186.804,50.488,540.217,287.779,3.009,2.741,3.215,207,1,Alho
279.385,226.234,508.344,824.526,685.515,125.382,191.853,50.488,540.217,287.779,3.006,2.738,3.215,207,4,Alho
299.828,235.774,524.698,827.252,712.772,122.657,191.853,50.488,535.168,287.779,3.006,2.738,3.215,207,4,Alho
283.473,245.313,516.521,825.889,720.949,115.842,191.853,50.488,535.168,287.779,3.006,2.741,3.215,206,7,Alho
294.376,237.136,504.256,829.977,685.515,124.02,196.901,50.488,535.168,287.779,3.006,2.738,3.215,206,7,Alho
293.013,233.048,491.99,813.623,685.515,115.842,201.95,50.488,535.168,287.779,3.006,2.738,3.215,206,7,Alho
291.65,239.862,500.167,829.977,700.506,113.117,196.901,50.488,535.168,287.779,3.006,2.738,3.215,205,6,Alho
295.739,238.499,509.707,821.8,682.789,124.02,196.901,50.488,540.217,287.779,3.006,2.738,3.215,205,6,Alho
280.748,233.048,519.247,813.623,718.223,113.117,201.95,50.488,535.168,287.779,3.003,2.738,3.215,205,2,Alho
293.013,228.959,531.513,827.252,693.692,126.745,206.999,50.488,535.168,287.779,3.006,2.738,3.215,204,2,Alho
284.836,234.411,516.521,828.614,685.515,128.108,206.999,50.488,535.168,287.779,3.006,2.741,3.215,204,5,Alho
287.562,233.048,532.875,824.526,705.958,118.568,206.999,50.488,535.168,287.779,3.006,2.738,3.215,204,5,Alho
288.925,231.685,523.335,821.8,715.498,110.391,212.048,45.439,535.168,287.779,3.006,2.738,3.215,203,5,Alho
288.925,237.136,519.247,835.429,680.064,122.657,212.048,45.439,535.168,287.779,3.003,2.738,3.215,203,5,Alho
249.402,245.313,501.53,821.8,686.878,124.02,212.048,50.488,535.168,287.779,3.006,2.738,3.215,203,4,Alho
282.111,246.676,526.061,827.252,716.861,113.117,217.097,50.488,530.119,287.779,3.006,2.735,3.215,202,4,Alho
288.925,231.685,541.053,824.526,715.498,121.294,217.097,50.488,535.168,287.779,3.003,2.735,3.215,202,1,Alho
297.102,234.411,550.593,828.614,685.515,124.02,217.097,50.488,535.168,287.779,3.006,2.738,3.215,202,3,Alho
288.925,235.774,535.601,827.252,722.312,115.842,222.145,50.488,535.168,287.779,3.003,2.735,3.215,201,3,Alho
302.553,237.136,542.415,838.154,710.046,114.48,222.145,50.488,535.168,287.779,3.006,2.738,3.215,201,3,Alho
288.925,314.819,527.424,838.154,725.038,121.294,222.145,50.488,535.168,287.779,3.006,2.738,3.215,201,3,Alho
294.376,243.951,521.973,828.614,723.675,117.205,222.145,50.488,530.119,287.779,3.003,2.735,3.215,201,2,Alho
303.916,239.862,505.618,836.792,693.692,118.568,222.145,50.488,530.119,287.779,3.003,2.735,3.215,200,2,Alho
298.465,245.313,516.521,827.252,726.401,117.205,227.194,50.488,535.168,287.779,3.006,2.735,3.215,200,6,Alho
293.013,242.588,509.707,836.792,700.506,117.205,232.243,50.488,535.168,287.779,3.003,2.735,3.215,200,6,Alho
290.288,242.588,517.884,828.614,719.586,118.568,232.243,50.488,535.168,287.779,3.0,2.732,3.215,200,1,Alho
290.288,243.951,542.415,827.252,718.223,119.931,232.243,50.488,535.168,287.779,3.0,2.729,3.215,200,1,Alho
301.19,246.676,513.795,838.154,710.046,114.48,232.243,50.488,535.168,287.779,2.997,2.723,3.212,201,1,Alho
288.925,234.411,536.964,828.614,686.878,124.02,237.292,50.488,535.168,287.779,3.0,2.72,3.212,201,1,Alho
306.642,245.313,521.973,839.517,720.949,117.205,237.292,50.488,535.168,282.73,2.994,2.714,3.212,201,1,Alho
294.376,248.039,535.601,838.154,686.878,124.02,237.292,50.488,535.168,287.779,2.997,2.711,3.212,201,1,Alho
302.553,234.411,516.521,831.34,681.426,118.568,242.34,50.488,535.168,287.779,2.991,2.705,3.212,202,4,Alho
298.465,239.862,539.69,840.88,704.595,113.117,242.34,50.488,535.168,287.779,2.994,2.699,3.212,203,7,Alho
302.553,242.588,541.053,843.606,708.683,115.842,242.34,50.488,530.119,287.779,2.991,2.693,3.212,203,7,Alho
297.102,235.774,539.69,832.703,695.055,122.657,242.34,45.439,530.119,287.779,2.988,2.684,3.212,204,7,Alho
312.093,238.499,545.141,834.066,708.683,122.657,242.34,50.488,535.168,287.779,2.985,2.675,3.212,205,7,Alho
310.73,242.588,513.795,842.243,697.781,119.931,242.34,50.488,535.168,287.779,2.985,2.666,3.209,207,6,Alho
298.465,250.765,532.875,839.517,719.586,113.117,247.389,50.488,535.168,287.779,2.982,2.66,3.209,208,6,Alho
303.916,250.765,523.335,846.332,697.781,122.657,247.389,50.488,530.119,287.779,2.979,2.651,3.209,211,2,Alho
301.19,254.853,530.15,838.154,720.949,114.48,252.438,50.488,535.168,287.779,2.979,2.645,3.209,214,2,Alho
310.73,243.951,549.23,847.694,685.515,118.568,252.438,45.439,530.119,287.779,2.979,2.636,3.209,218,5,Alho
309.368,253.491,516.521,843.606,697.781,111.754,252.438,50.488,530.119,287.779,2.979,2.633,3.209,222,5,Alho
298.465,250.765,528.787,836.792,722.312,118.568,257.487,50.488,530.119,287.779,2.979,2.624,3.206,226,5,Alho
313.456,235.774,512.433,832.703,710.046,128.108,257.487,50.488,535.168,287.779,2.979,2.621,3.206,230,4,Alho
302.553,239.862,549.23,840.88,715.498,114.48,262.535,50.488,535.168,287.779,2.979,2.618,3.206,234,4,Alho
302.553,241.225,517.884,842.243,714.135,124.02,262.535,50.488,535.168,287.779,2.979,2.612,3.206,238,1,Alho
301.19,249.402,536.964,836.792,684.152,119.931,262.535,45.439,530.119,287.779,2.976,2.609,3.206,242,1,Alho
309.368,243.951,530.15,834.066,719.586,118.568,267.584,50.488,535.168,287.779,2.979,2.609,3.206,247,3,Alho
313.456,245.313,523.335,839.517,682.789,121.294,267.584,50.488,535.168,287.779,2.976,2.603,3.206,251,3,Alho
297.102,258.942,547.867,843.606,719.586,115.842,267.584,45.439,530.119,287.779,2.976,2.6,3.206,255,3,Alho
260.305,239.862,547.867,836.792,699.143,124.02,267.584,50.488,530.119,287.779,2.979,2.6,3.206,260,3,Alho
306.642,250.765,520.61,842.243,705.958,119.931,272.633,50.488,530.119,287.779,2.979,2.6,3.206,264,2,Alho
303.916,241.225,550.593,835.429,705.958,128.108,272.633,50.488,525.071,287.779,2.976,2.597,3.206,269,2,Alho
293.013,245.313,557.407,834.066,712.772,119.931,272.633,50.488,530.119,287.779,2.979,2.597,3.206,274,6,Alho
305.279,243.951,547.867,838.154,701.869,126.745,277.682,50.488,535.168,287.779,2.976,2.594,3.206,278,6,Alho
314.819,245.313,553.318,838.154,711.409,125.382,272.633,50.488,535.168,287.779,2.976,2.594,3.206,282,1,Alho
317.545,257.579,545.141,842.243,710.046,121.294,277.682,50.488,535.168,287.779,2.976,2.591,3.206,287,1,Alho
306.642,243.951,520.61,850.42,700.506,114.48,277.682,50.488,530.119,287.779,2.976,2.591,3.203,291,1,Alho
329.81,248.039,517.884,846.332,701.869,118.568,277.682,50.488,530.119,287.779,2.973,2.588,3.203,295,1,Alho
310.73,256.216,557.407,849.057,703.232,117.205,282.73,50.488,535.168,287.779,2.973,2.585,3.203,299,1,Alho
318.908,256.216,534.238,844.969,700.506,122.657,282.73,45.439,530.119,287.779,2.976,2.588,3.203,304,4,Alho
312.093,256.216,523.335,843.606,693.692,125.382,287.779,50.488,530.119,287.779,2.976,2.585,3.203,309,4,Alho
314.819,252.128,534.238,842.243,726.401,115.842,287.779,50.488,530.119,287.779,2.973,2.585,3.203,313,7,Alho
312.093,254.853,551.955,842.243,748.206,114.48,287.779,50.488,530.119,287.779,2.973,2.582,3.203,318,7,Alho
314.819,248.039,530.15,835.429,697.781,114.48,287.779,50.488,530.119,287.779,2.976,2.582,3.203,323,7,Alho
316.182,249.402,530.15,850.42,704.595,117.205,292.828,50.488,530.119,287.779,2.973,2.582,3.203,327,7,Alho
318.908,243.951,523.335,842.243,689.604,119.931,297.877,45.439,530.119,287.779,2.976,2.579,3.203,332,6,Alho
308.005,248.039,558.77,842.243,723.675,117.205,297.877,50.488,535.168,287.779,2.976,2.579,3.203,337,2,Alho
309.368,245.313,557.407,843.606,705.958,126.745,297.877,50.488,530.119,287.779,2.973,2.576,3.203,341,2,Alho
316.182,246.676,528.787,849.057,715.498,122.657,297.877,45.439,530.119,287.779,2.973,2.573,3.203,347,5,Alho
320.27,260.305,528.787,851.783,714.135,118.568,302.925,50.488,530.119,287.779,2.973,2.576,3.203,351,5,Alho
318.908,258.942,561.495,849.057,712.772,124.02,307.974,50.488,535.168,287.779,2.973,2.576,3.203,355,5,Alho
314.819,252.128,546.504,859.96,684.152,125.382,302.925,50.488,530.119,287.779,2.973,2.576,3.203,360,5,Alho
308.005,246.676,558.77,846.332,711.409,125.382,307.974,50.488,530.119,287.779,2.973,2.576,3.203,366,4,Alho
314.819,254.853,524.698,851.783,695.055,114.48,302.925,50.488,530.119,287.779,2.976,2.576,3.203,370,4,Alho
314.819,246.676,550.593,844.969,699.143,128.108,307.974,45.439,530.119,287.779,2.973,2.573,3.203,374,1,Alho
316.182,250.765,561.495,844.969,720.949,125.382,307.974,45.439,535.168,287.779,2.976,2.573,3.203,380,1,Alho
321.633,263.031,553.318,840.88,710.046,126.745,313.023,50.488,530.119,287.779,2.973,2.573,3.203,384,3,Alho
324.359,256.216,530.15,844.969,689.604,114.48,313.023,50.488,530.119,287.779,2.976,2.573,3.203,388,3,Alho
314.819,261.668,542.415,846.332,727.763,115.842,313.023,45.439,530.119,287.779,2.973,2.573,3.203,393,3,Alho
318.908,263.031,562.858,847.694,748.206,128.108,318.072,50.488,530.119,287.779,2.973,2.573,3.203,398,2,Alho
314.819,250.765,531.513,844.969,705.958,121.294,318.072,50.488,535.168,287.779,2.976,2.573,3.203,402,2,Alho
312.093,257.579,562.858,846.332,723.675,126.745,318.072,50.488,530.119,287.779,2.973,2.57,3.203,407,6,Alho
318.908,261.668,550.593,855.872,730.489,118.568,328.169,45.439,530.119,287.779,2.973,2.57,3.203,411,6,Alho
316.182,252.128,562.858,843.606,719.586,119.931,328.169,50.488,535.168,287.779,2.973,2.57,3.203,416,1,Alho
320.27,252.128,546.504,849.057,688.241,124.02,328.169,50.488,530.119,287.779,2.973,2.567,3.203,420,1,Alho
318.908,253.491,557.407,846.332,730.489,117.205,323.12,50.488,530.119,287.779,2.973,2.57,3.203,425,1,Alho
324.359,260.305,528.787,854.509,697.781,118.568,328.169,45.439,535.168,287.779,2.973,2.567,3.203,430,1,Alho
321.633,261.668,562.858,851.783,723.675,124.02,328.169,45.439,535.168,287.779,2.976,2.57,3.203,434,1,Alho
313.456,257.579,536.964,855.872,718.223,115.842,328.169,50.488,535.168,287.779,2.973,2.567,3.203,439,1,Alho
321.633,253.491,560.133,849.057,697.781,124.02,333.218,45.439,535.168,287.779,2.973,2.567,3.203,443,4,Alho
322.996,260.305,530.15,849.057,704.595,117.205,333.218,50.488,530.119,287.779,2.976,2.567,3.203,448,4,Alho
320.27,261.668,546.504,838.154,722.312,122.657,338.267,50.488,530.119,287.779,2.973,2.564,3.203,453,7,Alho
317.545,257.579,581.938,855.872,707.321,122.657,338.267,50.488,530.119,287.779,2.973,2.564,3.203,457,7,Alho
333.899,257.579,560.133,853.146,701.869,125.382,338.267,50.488,530.119,287.779,2.97,2.564,3.203,461,7,Alho
335.262,258.942,543.778,846.332,726.401,119.931,338.267,50.488,530.119,287.779,2.97,2.561,3.203,465,6,Alho
329.81,256.216,543.778,858.597,690.966,126.745,338.267,50.488,525.071,287.779,2.973,2.564,3.203,469,6,Alho
329.81,256.216,562.858,855.872,689.604,125.382,343.315,45.439,530.119,287.779,2.973,2.564,3.203,473,2,Alho
320.27,253.491,568.31,847.694,726.401,115.842,343.315,50.488,530.119,287.779,2.973,2.561,3.203,477,2,Alho
318.908,265.756,546.504,858.597,733.215,115.842,348.364,45.439,530.119,287.779,2.973,2.564,3.203,481,5,Alho
327.085,256.216,572.398,849.057,693.692,122.657,348.364,50.488,535.168,287.779,2.97,2.561,3.203,485,5,Alho
320.27,264.393,584.664,850.42,731.852,121.294,348.364,50.488,530.119,287.779,2.97,2.558,3.203,488,5,Alho
322.996,256.216,562.858,862.686,704.595,115.842,348.364,45.439,530.119,287.779,2.973,2.558,3.203,493,5,Alho
322.996,245.313,560.133,853.146,729.126,125.382,348.364,50.488,530.119,287.779,2.973,2.558,3.203,497,4,Alho
333.899,258.942,541.053,857.234,715.498,121.294,348.364,50.488,530.119,287.779,2.97,2.558,3.203,500,1,Alho
325.722,265.756,553.318,854.509,716.861,118.568,353.413,50.488,535.168,287.779,2.97,2.555,3.2,504,1,Alho
331.173,265.756,541.053,854.509,716.861,113.117,353.413,50.488,535.168,287.779,2.97,2.555,3.2,507,3,Alho
328.448,263.031,560.133,853.146,703.232,124.02,358.462,50.488,535.168,287.779,2.967,2.552,3.2,511,3,Alho
318.908,252.128,571.035,849.057,716.861,124.02,358.462,50.488,530.119,287.779,2.97,2.555,3.203,514,3,Alho
332.536,265.756,560.133,855.872,711.409,128.108,358.462,45.439,530.119,287.779,2.97,2.552,3.2,517,3,Alho
322.996,257.579,576.487,846.332,726.401,124.02,358.462,50.488,535.168,287.779,2.97,2.555,3.203,520,2,Alho
327.085,257.579,566.947,859.96,711.409,117.205,363.51,50.488,535.168,287.779,2.973,2.552,3.2,523,2,Alho
322.996,260.305,535.601,859.96,697.781,121.294,363.51,50.488,535.168,287.779,2.967,2.549,3.203,527,6,Alho
333.899,256.216,532.875,859.96,697.781,122.657,363.51,50.488,530.119,287.779,2.967,2.549,3.2,530,6,Alho
322.996,267.119,573.761,850.42,727.763,122.657,363.51,50.488,530.119,287.779,2.97,2.549,3.2,533,1,Alho
331.173,269.845,541.053,853.146,705.958,115.842,363.51,50.488,530.119,287.779,2.97,2.549,3.2,537,1,Alho
327.085,263.031,573.761,846.332,729.126,122.657,363.51,45.439,535.168,287.779,2.97,2.549,3.2,540,1,Alho
343.439,261.668,538.327,857.234,699.143,125.382,368.559,50.488,530.119,287.779,2.967,2.547,3.2,543,1,Alho
333.899,267.119,568.31,855.872,735.941,124.02,373.608,50.488,530.119,287.779,2.97,2.547,3.2,547,1,Alho
329.81,272.571,572.398,857.234,734.578,125.382,373.608,50.488,535.168,287.779,2.97,2.547,3.2,549,4,Alho
327.085,264.393,573.761,864.049,730.489,115.842,373.608,50.488,535.168,287.779,2.967,2.544,3.2,552,4,Alho
329.81,257.579,564.221,853.146,734.578,125.382,373.608,50.488,535.168,287.779,2.97,2.544,3.2,556,7,Alho
329.81,258.942,572.398,851.783,731.852,117.205,378.657,50.488,535.168,287.779,2.967,2.544,3.2,559,7,Alho
318.908,260.305,541.053,855.872,720.949,115.842,373.608,45.439,535.168,287.779,2.967,2.541,3.2,561,7,Alho
339.35,260.305,560.133,809.535,700.506,115.842,378.657,50.488,535.168,287.779,2.97,2.541,3.2,565,7,Alho
339.35,263.031,549.23,861.323,697.781,125.382,378.657,50.488,535.168,287.779,2.97,2.541,3.2,568,6,Alho
290.288,261.668,556.044,853.146,700.506,119.931,383.705,50.488,530.119,287.779,2.967,2.541,3.2,570,6,Alho
335.262,261.668,561.495,857.234,735.941,126.745,383.705,50.488,535.168,287.779,2.967,2.538,3.2,573,2,Alho
339.35,263.031,538.327,862.686,703.232,122.657,383.705,45.439,530.119,287.779,2.967,2.538,3.2,576,5,Alho
91.311,265.756,557.407,861.323,737.303,128.108,383.705,50.488,535.168,287.779,2.967,2.535,3.2,578,5,Alho
329.81,261.668,491.99,853.146,701.869,129.471,383.705,50.488,530.119,287.779,2.967,2.538,3.2,580,5,Alho
322.996,260.305,579.212,851.783,726.401,129.471,383.705,45.439,530.119,287.779,2.967,2.538,3.2,583,5,Alho
331.173,264.393,569.672,838.154,718.223,119.931,388.754,45.439,535.168,287.779,2.967,2.535,3.2,585,4,Alho
340.713,265.756,569.672,857.234,720.949,122.657,388.754,45.439,535.168,287.779,2.967,2.535,3.2,587,4,Alho
346.165,267.119,538.327,862.686,711.409,121.294,388.754,50.488,535.168,287.779,2.967,2.535,3.2,589,1,Alho
335.262,273.933,573.761,857.234,726.401,124.02,393.803,50.488,530.119,287.779,2.964,2.532,3.2,591,1,Alho
340.713,261.668,575.124,851.783,705.958,125.382,393.803,50.488,535.168,287.779,2.967,2.535,3.2,593,3,Alho
346.165,263.031,554.681,855.872,701.869,122.657,393.803,50.488,535.168,287.779,2.964,2.532,3.2,595,3,Alho
332.536,271.208,550.593,849.057,741.392,125.382,393.803,50.488,535.168,287.779,2.964,2.532,3.2,598,3,Alho
331.173,272.571,560.133,859.96,741.392,121.294,398.852,45.439,535.168,282.73,2.964,2.529,3.2,600,3,Alho
346.165,273.933,579.212,862.686,746.843,125.382,398.852,50.488,535.168,287.779,2.967,2.532,3.2,602,2,Alho
336.625,260.305,565.584,853.146,701.869,125.382,398.852,50.488,535.168,287.779,2.967,2.532,3.2,604,6,Alho
342.076,269.845,538.327,849.057,705.958,198.977,398.852,50.488,535.168,287.779,2.967,2.529,3.2,606,6,Alho
337.987,265.756,572.398,849.057,715.498,125.382,403.9,45.439,535.168,287.779,2.967,2.529,3.2,608,1,Alho
346.165,269.845,554.681,847.694,735.941,115.842,403.9,45.439,535.168,287.779,2.967,2.529,3.2,610,1,Alho
452.467,272.571,545.141,859.96,725.038,117.205,398.852,50.488,535.168,287.779,2.967,2.529,3.2,611,1,Alho
343.439,268.482,543.778,851.783,731.852,125.382,403.9,45.439,535.168,287.779,2.964,2.529,3.2,613,1,Alho
342.076,264.393,565.584,851.783,741.392,114.48,403.9,50.488,535.168,287.779,2.967,2.526,3.2,615,1,Alho
348.89,273.933,543.778,859.96,722.312,117.205,403.9,50.488,535.168,287.779,2.967,2.529,3.2,616,1,Alho
336.625,272.571,584.664,859.96,735.941,115.842,408.949,50.488,535.168,287.779,2.964,2.526,3.2,617,4,Alho
346.165,261.668,573.761,855.872,722.312,122.657,408.949,50.488,535.168,287.779,2.967,2.526,3.2,619,4,Alho
337.987,261.668,575.124,853.146,720.949,125.382,408.949,45.439,535.168,287.779,2.964,2.523,3.2,620,7,Alho
351.616,267.119,539.69,859.96,707.321,124.02,413.998,50.488,535.168,287.779,2.964,2.526,3.197,621,7,Alho
348.89,267.119,560.133,862.686,704.595,126.745,413.998,50.488,535.168,287.779,2.967,2.523,3.197,622,7,Alho
332.536,260.305,581.938,853.146,707.321,117.205,413.998,50.488,535.168,287.779,2.964,2.523,3.2,624,6,Alho
339.35,260.305,587.39,850.42,720.949,128.108,413.998,50.488,535.168,287.779,2.964,2.523,3.197,625,6,Alho
343.439,264.393,561.495,854.509,705.958,126.745,419.047,50.488,535.168,287.779,2.964,2.52,3.197,626,2,Alho
348.89,275.296,551.955,853.146,741.392,119.931,413.998,50.488,535.168,287.779,2.964,2.523,3.197,628,2,Alho
342.076,298.465,556.044,857.234,748.206,118.568,413.998,50.488,535.168,287.779,2.964,2.52,3.2,629,5,Alho
348.89,271.208,557.407,831.34,745.48,118.568,419.047,45.439,535.168,287.779,2.964,2.523,3.197,631,5,Alho
342.076,269.845,575.124,861.323,729.126,124.02,419.047,50.488,535.168,287.779,2.964,2.52,3.197,632,5,Alho
351.616,267.119,558.77,854.509,701.869,134.922,419.047,50.488,535.168,287.779,2.964,2.52,3.197,633,5,Alho
352.979,271.208,542.415,859.96,710.046,128.108,424.096,45.439,535.168,287.779,2.964,2.52,3.197,635,4,Alho
340.713,278.022,575.124,861.323,738.666,122.657,424.096,45.439,535.168,287.779,2.964,2.517,3.197,636,1,Alho
346.165,267.119,583.301,861.323,742.755,114.48,424.096,45.439,535.168,287.779,2.964,2.517,3.197,638,1,Alho
340.713,238.499,547.867,859.96,727.763,115.842,424.096,45.439,535.168,287.779,2.961,2.517,3.197,639,3,Alho
332.536,257.579,550.593,864.049,723.675,115.842,424.096,50.488,535.168,287.779,2.964,2.517,3.197,641,3,Alho
344.802,248.039,580.575,851.783,757.746,122.657,424.096,45.439,535.168,287.779,2.964,2.514,3.197,642,3,Alho
346.165,273.933,571.035,854.509,720.949,130.834,429.144,50.488,535.168,287.779,2.964,2.514,3.197,644,3,Alho
346.165,280.748,545.141,855.872,725.038,122.657,429.144,50.488,535.168,287.779,2.964,2.517,3.197,646,2,Alho
351.616,279.385,546.504,859.96,741.392,130.834,429.144,45.439,535.168,287.779,2.964,2.517,3.197,647,2,Alho
348.89,284.836,554.681,859.96,729.126,115.842,434.193,50.488,535.168,287.779,2.964,2.514,3.197,648,6,Alho
351.616,291.65,556.044,850.42,745.48,126.745,434.193,50.488,535.168,287.779,2.964,2.514,3.197,650,6,Alho
355.705,268.482,569.672,855.872,718.223,126.745,434.193,50.488,535.168,287.779,2.961,2.514,3.197,651,1,Alho
351.616,268.482,546.504,862.686,719.586,126.745,439.242,50.488,535.168,287.779,2.961,2.514,3.197,652,1,Alho
351.616,275.296,546.504,864.049,722.312,118.568,439.242,50.488,535.168,287.779,2.961,2.511,3.197,653,1,Alho
340.713,273.933,576.487,851.783,742.755,119.931,439.242,50.488,535.168,287.779,2.961,2.511,3.197,655,1,Alho
358.43,269.845,572.398,861.323,711.409,128.108,434.193,50.488,535.168,287.779,2.961,2.508,3.197,656,1,Alho
355.705,272.571,558.77,844.969,723.675,119.931,439.242,45.439,535.168,287.779,2.961,2.511,3.197,657,4,Alho
352.979,269.845,545.141,855.872,711.409,113.117,444.291,45.439,535.168,287.779,2.961,2.511,3.197,658,4,Alho
344.802,272.571,588.752,853.146,740.029,117.205,444.291,50.488,535.168,287.779,2.961,2.508,3.197,659,7,Alho
342.076,276.659,565.584,853.146,748.206,117.205,439.242,50.488,540.217,287.779,2.961,2.508,3.197,660,7,Alho
346.165,263.031,571.035,857.234,722.312,139.011,439.242,50.488,535.168,287.779,2.961,2.508,3.197,661,7,Alho
350.253,280.748,576.487,858.597,745.48,122.657,444.291,45.439,535.168,287.779,2.961,2.508,3.197,662,7,Alho
350.253,278.022,572.398,864.049,749.569,126.745,449.339,50.488,540.217,287.779,2.964,2.508,3.197,663,6,Alho
358.43,276.659,539.69,865.411,716.861,124.02,444.291,50.488,535.168,287.779,2.961,2.508,3.197,664,6,Alho
348.89,276.659,543.778,865.411,725.038,0.0,444.291,50.488,535.168,287.779,2.961,2.508,3.197,665,2,Alho
350.253,279.385,562.858,851.783,740.029,118.568,444.291,45.439,520.022,287.779,2.961,2.505,3.197,665,5,Alho
355.705,283.473,561.495,861.323,752.295,128.108,444.291,50.488,535.168,287.779,2.964,2.505,3.197,667,5,Alho
348.89,280.748,543.778,855.872,719.586,115.842,449.339,50.488,540.217,287.779,2.961,2.502,3.197,667,5,Alho
344.802,278.022,572.398,850.42,749.569,168.994,444.291,50.488,535.168,287.779,2.961,2.505,3.197,668,5,Alho
357.067,273.933,562.858,853.146,710.046,128.108,449.339,50.488,540.217,287.779,2.961,2.505,3.197,669,4,Alho
355.705,280.748,553.318,813.623,726.401,117.205,449.339,50.488,535.168,287.779,2.961,2.505,3.197,670,4,Alho
352.979,272.571,575.124,854.509,727.763,126.745,454.388,45.439,535.168,287.779,2.961,2.502,3.197,671,1,Alho
355.705,276.659,557.407,854.509,712.772,119.931,454.388,45.439,535.168,287.779,2.961,2.502,3.197,671,1,Alho
361.156,275.296,571.035,851.783,722.312,126.745,454.388,45.439,540.217,287.779,2.958,2.502,3.197,672,3,Alho
348.89,279.385,581.938,854.509,748.206,122.657,454.388,45.439,540.217,287.779,2.958,2.502,3.197,672,3,Alho
352.979,280.748,581.938,855.872,749.569,119.931,459.437,50.488,540.217,287.779,2.961,2.502,3.197,673,3,Alho
348.89,271.208,573.761,868.137,746.843,118.568,459.437,45.439,535.168,287.779,2.961,2.499,3.197,673,3,Alho
343.439,268.482,576.487,861.323,748.206,115.842,459.437,45.439,540.217,287.779,2.958,2.496,3.197,673,2,Alho
346.165,275.296,580.575,855.872,741.392,128.108,459.437,45.439,540.217,287.779,2.961,2.499,3.197,674,6,Alho
350.253,272.571,549.23,851.783,711.409,125.382,464.486,50.488,540.217,287.779,2.961,2.499,3.197,674,6,Alho
350.253,282.111,568.31,857.234,752.295,122.657,464.486,45.439,535.168,287.779,2.958,2.496,3.197,674,1,Alho
362.519,283.473,577.85,858.597,748.206,128.108,459.437,50.488,540.217,287.779,2.958,2.496,3.194,674,1,Alho
348.89,286.199,553.318,859.96,749.569,121.294,459.437,50.488,535.168,287.779,2.958,2.496,3.197,674,1,Alho
354.342,282.111,576.487,855.872,749.569,111.754,459.437,45.439,540.217,287.779,2.958,2.496,3.197,674,1,Alho
359.793,280.748,564.221,850.42,735.941,119.931,464.486,45.439,540.217,287.779,2.958,2.496,3.194,675,1,Alho
362.519,280.748,545.141,862.686,725.038,114.48,469.534,50.488,540.217,287.779,2.958,2.496,3.194,675,1,Alho
359.793,286.199,568.31,850.42,731.852,126.745,464.486,50.488,540.217,287.779,2.958,2.493,3.194,675,4,Alho
355.705,273.933,542.415,853.146,718.223,118.568,464.486,50.488,535.168,287.779,2.958,2.493,3.194,675,4,Alho
357.067,282.111,575.124,862.686,755.02,128.108,469.534,50.488,540.217,287.779,2.958,2.493,3.194,675,7,Alho
363.882,276.659,541.053,859.96,719.586,119.931,474.583,50.488,535.168,287.779,2.958,2.493,3.194,675,7,Alho
357.067,278.022,573.761,851.783,738.666,125.382,469.534,50.488,540.217,287.779,2.958,2.49,3.194,675,7,Alho
366.607,276.659,551.955,858.597,720.949,126.745,469.534,50.488,540.217,287.779,2.958,2.493,3.197,675,6,Alho
358.43,276.659,575.124,854.509,723.675,128.108,474.583,50.488,540.217,287.779,2.958,2.493,3.194,676,6,Alho
359.793,286.199,545.141,859.96,730.489,115.842,474.583,50.488,535.168,287.779,2.955,2.49,3.194,676,2,Alho
362.519,282.111,549.23,858.597,744.118,117.205,474.583,45.439,540.217,287.779,2.958,2.49,3.194,676,2,Alho
352.979,284.836,583.301,850.42,756.383,128.108,474.583,45.439,540.217,287.779,2.955,2.49,3.194,676,5,Alho
363.882,283.473,554.681,857.234,740.029,115.842,474.583,50.488,540.217,287.779,2.958,2.487,3.194,676,5,Alho
355.705,282.111,547.867,850.42,720.949,118.568,479.632,45.439,540.217,287.779,2.955,2.487,3.194,677,5,Alho
352.979,279.385,546.504,850.42,745.48,117.205,474.583,50.488,540.217,287.779,2.958,2.487,3.194,677,5,Alho
359.793,284.836,586.027,858.597,750.932,128.108,479.632,45.439,540.217,287.779,2.955,2.487,3.194,678,4,Alho
357.067,279.385,588.752,869.5,760.472,126.745,479.632,45.439,540.217,287.779,2.955,2.487,3.194,679,4,Alho
367.97,278.022,596.93,851.783,748.206,128.108,474.583,45.439,540.217,287.779,2.958,2.484,3.194,679,1,Alho
362.519,284.836,581.938,858.597,756.383,122.657,479.632,50.488,540.217,287.779,2.955,2.484,3.194,680,3,Alho
365.245,388.413,576.487,849.057,741.392,122.657,484.681,45.439,540.217,287.779,2.958,2.484,3.194,681,3,Alho
357.067,275.296,557.407,849.057,719.586,122.657,479.632,50.488,535.168,287.779,2.958,2.484,3.194,681,3,Alho
359.793,278.022,541.053,851.783,726.401,119.931,484.681,45.439,540.217,287.779,2.958,2.484,3.194,682,3,Alho
367.97,282.111,541.053,853.146,723.675,124.02,479.632,45.439,540.217,287.779,2.958,2.484,3.194,683,2,Alho
359.793,283.473,575.124,872.226,761.835,126.745,484.681,50.488,540.217,287.779,2.955,2.484,3.194,683,2,Alho
366.607,286.199,586.027,869.5,755.02,126.745,484.681,45.439,540.217,287.779,2.955,2.484,3.194,684,6,Alho
358.43,280.748,580.575,853.146,752.295,121.294,484.681,50.488,540.217,287.779,2.955,2.481,3.194,684,6,Alho
370.696,278.022,564.221,851.783,720.949,126.745,484.681,50.488,540.217,287.779,2.955,2.481,3.194,684,1,Alho
367.97,279.385,542.415,859.96,723.675,128.108,489.729,50.488,540.217,287.779,2.955,2.481,3.194,685,1,Alho
370.696,287.562,579.212,857.234,755.02,126.745,484.681,45.439,540.217,287.779,2.955,2.481,3.194,685,1,Alho
365.245,278.022,539.69,857.234,723.675,122.657,484.681,45.439,540.217,287.779,2.955,2.481,3.194,686,1,Alho
365.245,284.836,562.858,861.323,763.198,124.02,489.729,45.439,540.217,287.779,2.955,2.478,3.194,686,1,Alho
359.793,282.111,561.495,859.96,760.472,119.931,494.778,45.439,540.217,287.779,2.958,2.478,3.194,687,4,Alho
365.245,273.933,572.398,850.42,737.303,132.197,494.778,45.439,540.217,287.779,2.958,2.478,3.194,687,4,Alho
369.333,278.022,575.124,861.323,737.303,119.931,494.778,50.488,540.217,287.779,2.953,2.478,3.194,687,7,Alho
369.333,283.473,568.31,847.694,731.852,129.471,494.778,45.439,540.217,287.779,2.955,2.475,3.194,688,7,Alho
369.333,282.111,538.327,857.234,726.401,125.382,494.778,45.439,540.217,287.779,2.953,2.475,3.194,688,7,Alho
366.607,283.473,541.053,853.146,740.029,129.471,494.778,45.439,540.217,287.779,2.955,2.475,3.191,688,7,Alho
365.245,286.199,476.998,855.872,761.835,117.205,494.778,45.439,540.217,287.779,2.955,2.475,3.191,689,6,Alho
355.705,286.199,588.752,858.597,745.48,118.568,499.827,50.488,540.217,287.779,2.955,2.475,3.191,690,6,Alho
359.793,290.288,561.495,853.146,725.038,125.382,499.827,50.488,540.217,287.779,2.955,2.472,3.191,691,2,Alho
369.333,279.385,586.027,849.057,752.295,118.568,494.778,45.439,540.217,287.779,2.953,2.472,3.191,691,2,Alho
359.793,291.65,547.867,855.872,727.763,124.02,499.827,50.488,540.217,287.779,2.955,2.472,3.191,692,5,Alho
370.696,287.562,580.575,862.686,757.746,128.108,499.827,50.488,540.217,287.779,2.955,2.472,3.191,692,5,Alho
366.607,291.65,553.318,847.694,752.295,125.382,499.827,45.439,545.266,287.779,2.955,2.472,3.191,693,5,Alho
359.793,273.933,566.947,849.057,729.126,129.471,499.827,45.439,540.217,287.779,2.955,2.469,3.191,693,4,Alho
367.97,282.111,569.672,847.694,730.489,129.471,499.827,45.439,540.217,287.779,2.953,2.469,3.191,694,4,Alho
377.51,287.562,547.867,851.783,730.489,124.02,499.827,45.439,540.217,287.779,2.953,2.469,3.191,694,1,Alho
361.156,280.748,581.938,847.694,759.109,126.745,499.827,45.439,540.217,287.779,2.953,2.466,3.191,694,1,Alho
365.245,290.288,576.487,838.154,759.109,122.657,504.876,45.439,540.217,287.779,2.953,2.466,3.191,695,3,Alho
362.519,293.013,575.124,858.597,763.198,124.02,504.876,50.488,540.217,287.779,2.953,2.466,3.191,695,3,Alho
370.696,290.288,581.938,866.774,763.198,121.294,504.876,50.488,540.217,287.779,2.953,2.466,3.191,695,3,Alho
369.333,286.199,576.487,850.42,745.48,124.02,504.876,45.439,540.217,287.779,2.953,2.466,3.191,696,3,Alho
367.97,288.925,579.212,857.234,757.746,122.657,509.924,45.439,545.266,287.779,2.953,2.463,3.191,696,2,Alho
363.882,282.111,545.141,850.42,740.029,119.931,504.876,50.488,540.217,287.779,2.953,2.463,3.191,697,6,Alho
370.696,291.65,554.681,853.146,749.569,125.382,509.924,45.439,540.217,287.779,2.953,2.463,3.191,697,6,Alho
367.97,291.65,541.053,855.872,742.755,117.205,509.924,45.439,540.217,287.779,2.953,2.46,3.191,698,1,Alho
362.519,280.748,573.761,859.96,734.578,125.382,509.924,50.488,540.217,287.779,2.953,2.463,3.191,698,1,Alho
359.793,287.562,554.681,855.872,768.649,117.205,509.924,50.488,540.217,287.779,2.953,2.463,3.191,699,1,Alho
372.059,290.288,541.053,859.96,730.489,114.48,509.924,45.439,545.266,287.779,2.953,2.463,3.191,699,1,Alho
369.333,279.385,572.398,802.72,730.489,126.745,509.924,45.439,545.266,287.779,2.953,2.46,3.191,699,1,Alho
370.696,282.111,611.921,853.146,763.198,125.382,514.973,45.439,545.266,287.779,2.953,2.46,3.191,700,1,Alho
366.607,280.748,558.77,847.694,734.578,117.205,514.973,50.488,540.217,287.779,2.955,2.463,3.191,700,4,Alho
367.97,288.925,564.221,846.332,742.755,119.931,509.924,50.488,545.266,287.779,2.953,2.46,3.191,701,4,Alho
363.882,287.562,556.044,847.694,765.923,115.842,514.973,50.488,545.266,287.779,2.953,2.46,3.191,701,7,Alho
369.333,283.473,549.23,854.509,734.578,126.745,514.973,45.439,540.217,287.779,2.953,2.46,3.191,701,7,Alho
362.519,293.013,581.938,853.146,767.286,125.382,514.973,50.488,540.217,287.779,2.95,2.457,3.191,702,7,Alho
362.519,286.199,557.407,853.146,771.375,118.568,520.022,45.439,540.217,287.779,2.95,2.457,3.191,702,6,Alho
373.422,268.482,571.035,853.146,738.666,119.931,514.973,45.439,540.217,287.779,2.95,2.451,3.188,702,6,Alho
370.696,293.013,561.495,859.96,771.375,121.294,514.973,45.439,545.266,287.779,2.95,2.451,3.191,703,2,Alho
449.741,284.836,579.212,847.694,746.843,126.745,520.022,50.488,540.217,287.779,2.95,2.451,3.188,703,2,Alho
361.156,286.199,586.027,872.226,756.383,121.294,520.022,45.439,545.266,287.779,2.953,2.451,3.188,703,5,Alho
363.882,280.748,579.212,849.057,757.746,128.108,520.022,45.439,540.217,287.779,2.95,2.448,3.188,704,5,Alho
370.696,283.473,573.761,850.42,746.843,126.745,520.022,50.488,545.266,287.779,2.95,2.448,3.188,705,5,Alho
366.607,293.013,554.681,854.509,768.649,119.931,520.022,50.488,545.266,287.779,2.953,2.448,3.188,706,5,Alho
373.422,297.102,573.761,854.509,765.923,125.382,520.022,45.439,540.217,287.779,2.95,2.445,3.188,706,4,Alho
369.333,286.199,560.133,853.146,771.375,126.745,520.022,50.488,540.217,287.779,2.95,2.445,3.188,708,4,Alho
374.785,287.562,560.133,855.872,731.852,126.745,525.071,45.439,545.266,287.779,2.947,2.442,3.188,708,1,Alho
374.785,286.199,536.964,858.597,740.029,118.568,525.071,45.439,545.266,287.779,2.947,2.442,3.188,709,3,Alho
366.607,287.562,553.318,854.509,752.295,113.117,520.022,45.439,545.266,287.779,2.95,2.442,3.188,709,3,Alho
380.236,293.013,545.141,846.332,752.295,121.294,525.071,45.439,545.266,287.779,2.95,2.442,3.188,710,3,Alho
372.059,286.199,549.23,857.234,765.923,124.02,525.071,50.488,545.266,287.779,2.953,2.445,3.188,710,3,Alho
367.97,283.473,576.487,858.597,744.118,119.931,525.071,45.439,545.266,287.779,2.953,2.445,3.188,711,2,Alho
